Name,Hash,Id,Tag,Tier,Type,Source,Equippable,Power,Power Limit,Masterwork Type,Masterwork Tier,Owner,Armor2.0,Locked,Equipped,Year,Season,Event,Mobility,Resilience,Recovery,Discipline,Intellect,Strength,Total,Custom,Mobility (Base),Resilience (Base),Recovery (Base),Discipline (Base),Intellect (Base),Strength (Base),Total (Base),Custom (Base),Seasonal Mod,Notes,Perks 0,Perks 1,Perks 2,Perks 3,Perks 4,Perks 5,Perks 6,Perks 7,Perks 8,Perks 9,Perks 10,Perks 11,Perks 12,Perks 13,Perks 14
Graviton Forfeit,2773056939,"""6917529204969947642""",,Exotic,Helmet,,Hunter,1310,,Void Energy Capacity,10,Hunter(1312),true,false,false,1,2,,26,4,18,9,24,4,85,52,14,2,16,7,22,2,63,52,combatstyle,,Mobility Mod*,Pulse Rifle Targeting*,Pulse Rifle Targeting*,Upgrade Armor*,*,*,*,*,Vanishing Shadow*,,,,,,
Wormhusk Crown,3562696927,"""6917529198134598796""",,Exotic,Helmet,,Hunter,1320,,Void Energy Capacity,10,Hunter(1312),true,false,false,1,3,,16,11,21,4,24,8,84,45,14,9,9,2,22,6,62,45,combatstyle,,Recovery Mod*,Sniper Rifle Ammo Finder*,Rocket Launcher Ammo Finder*,Midnight Talons*,Upgrade Armor*,*,*,*,*,The Gate Lord*,Burning Souls*,,,,
Assassin's Cowl,2203146422,"""6917529203627780381""",,Exotic,Helmet,campaign,Hunter,1309,,Void Energy Capacity,9,Hunter(1312),true,false,false,3,8,,18,2,20,6,15,8,69,43,8,2,20,6,15,8,59,43,combatstyle,,Mobility Mod*,Rocket Launcher Ammo Finder*,Rocket Launcher Ammo Finder*,Vintage Timber*,Upgrade Armor*,*,*,*,*,Vanishing Execution*,,,,,
Solstice Mask (Magnificent),3742741341,"""6917529202601860570""",,Legendary,Helmet,events,Hunter,1313,,Void Energy Capacity,10,Hunter(1312),true,true,false,3,11,Solstice of Heroes,11,8,27,8,20,8,82,42,9,6,15,6,18,6,60,42,combatstyle,,Recovery Mod*,Sniper Rifle Ammo Finder*,Sniper Rifle Ammo Finder*,Upgrade Armor*,*,*,*,*,Solstice Mask (Magnificent)*,,,,,,
Foetracer,896224899,"""6917529323278269191""",,Exotic,Helmet,,Hunter,1306,,Arc Energy Capacity,9,Hunter(1312),true,false,false,1,1,,24,2,14,6,18,7,71,46,14,2,14,6,18,7,61,46,combatstyle,,Mobility Mod*,Pulse Rifle Targeting*,Shotgun Targeting*,Cryptic Insignia*,Upgrade Armor*,*,*,*,*,Relentless Tracker*,,,,,
Tangled Web Hood,4113317396,"""6917529482107218427""",junk,Legendary,Helmet,legendaryengram,Warlock,1328,,Arc Energy Capacity,1,Hunter(1312),true,false,false,4,15,,2,7,19,13,6,9,56,0,2,7,19,13,6,9,56,0,combatstyle,,Change Energy Type*,*,*,*,*,,,,,,,,,,
Celestial Nighthawk,1321354573,"""6917529377610368641""",,Exotic,Helmet,,Hunter,1310,,Solar Energy Capacity,2,Hunter(1312),true,false,false,1,1,,8,3,24,7,14,10,66,46,8,3,24,7,14,10,66,46,combatstyle,,Upgrade Armor*,*,*,*,*,Hawkeye Hack*,,,,,,,,,
Sealed Ahamkara Grasps,1688602431,"""6917529411646704695""",,Exotic,Gauntlets,,Hunter,1319,,Solar Energy Capacity,2,Hunter(1312),true,false,false,1,3,,3,11,20,2,28,2,66,51,3,11,20,2,28,2,66,51,combatstyle,,Upgrade Armor*,*,*,*,*,Nightmare Fuel*,,,,,,,,,
Mechaneer's Tricksleeves,1734144409,"""6917529183485439869""",,Exotic,Gauntlets,,Hunter,1310,,Void Energy Capacity,5,Hunter(1312),true,false,false,1,1,,20,6,14,11,17,2,70,46,20,6,9,11,17,2,65,46,combatstyle,,Minor Recovery Mod*,Upgrade Armor*,*,*,*,*,Spring-Loaded Mounting*,,,,,,,,
Athrys's Embrace,2415768376,"""6917529347522936794""",,Exotic,Gauntlets,lostsectors,Hunter,1300,,Solar Energy Capacity,2,Hunter(1312),true,false,false,4,12,,13,2,16,9,6,13,59,35,13,2,16,9,6,13,59,35,combatstyle,,Upgrade Armor*,*,*,*,*,Skittering Stinger*,,,,,,,,,
Khepri's Sting,2757274117,"""6917529199114972273""",,Exotic,Gauntlets,,Hunter,1315,,Void Energy Capacity,8,Hunter(1312),true,true,false,2,7,,20,13,12,7,15,10,77,37,20,13,2,7,15,10,67,37,combatstyle,,Recovery Mod*,Hand Cannon Loader*,Vintage Timber*,Upgrade Armor*,*,*,*,*,Touch of Venom*,,,,,,
Aeon Swift,3942036043,"""6917529198774715613""",,Exotic,Gauntlets,,Hunter,1315,,Arc Energy Capacity,9,Hunter(1312),true,false,false,1,2,,12,3,23,9,12,8,67,42,7,3,23,9,12,8,62,42,combatstyle,,Minor Mobility Mod*,Vintage Timber*,Upgrade Armor*,*,*,*,*,Sect of Insight*,,,,,,,
Shinobu's Vow,1053737370,"""6917529202055966661""",,Exotic,Gauntlets,,Hunter,1315,,Arc Energy Capacity,4,Hunter(1312),true,false,false,1,2,,10,12,9,2,17,12,62,36,10,12,9,2,17,12,62,36,combatstyle,,Upgrade Armor*,*,*,*,*,New Tricks*,,,,,,,,,
Raiden Flux,2766109872,"""6917529328439076255""",,Exotic,Chest Armor,,Hunter,1307,,Arc Energy Capacity,6,Hunter(1312),true,false,false,1,1,,8,3,29,2,21,9,72,53,8,3,24,2,21,9,67,53,combatstyle,,Minor Recovery Mod*,Powerful Friends*,Cryptic Insignia*,Upgrade Armor*,*,*,*,*,Thundergod*,Synapse Junctions*,,,,,
The Dragon's Shadow,2766109874,"""6917529397089001615""",,Exotic,Chest Armor,,Hunter,1310,,Arc Energy Capacity,1,Hunter(1312),true,false,false,1,1,,22,4,9,7,8,14,64,39,22,4,9,7,8,14,64,39,combatstyle,,Change Energy Type*,*,*,*,*,Wraithmetal Mail*,,,,,,,,,
Ophidia Spathe,978537162,"""6917529318805505569""",,Exotic,Chest Armor,,Hunter,1305,,Arc Energy Capacity,2,Hunter(1312),true,false,false,1,3,,21,2,12,14,14,2,65,47,21,2,12,14,14,2,65,47,combatstyle,,Upgrade Armor*,*,*,*,*,Scissor Fingers*,,,,,,,,,
Gwisin Vest,1474735276,"""6917529355232362961""",,Exotic,Chest Armor,,Hunter,1310,,Arc Energy Capacity,9,Hunter(1312),true,false,false,2,4,,24,13,30,14,14,2,97,38,4,13,20,14,14,2,67,38,combatstyle,,Recovery Mod*,Arc Resistance*,Powerful Friends*,Vintage Timber*,Upgrade Armor*,*,*,*,*,Roving Assassin*,,,,,
The Sixth Coyote,1474735277,"""6917529339918828049""",,Exotic,Chest Armor,,Hunter,1309,,Solar Energy Capacity,2,Hunter(1312),true,false,false,2,4,,7,11,15,2,19,10,64,41,7,11,15,2,19,10,64,41,combatstyle,,Upgrade Armor*,*,*,*,*,Double Dodge*,,,,,,,,,
Omnioculus,1935198785,"""6917529410982875878""",,Exotic,Chest Armor,lostsectors,Hunter,1319,,Solar Energy Capacity,2,Hunter(1312),true,false,false,4,13,,2,20,10,21,10,2,65,22,2,20,10,21,10,2,65,22,combatstyle,,Upgrade Armor*,*,*,*,*,Beyond The Veil*,,,,,,,,,
Raiju's Harness,2268523867,"""6917529184475416865""",,Exotic,Chest Armor,,Hunter,1313,,Arc Energy Capacity,9,Hunter(1312),true,false,false,3,10,,14,6,18,9,20,2,69,42,14,6,8,9,20,2,59,42,combatstyle,,Recovery Mod*,Radiant Light*,Precursor Vex Chrome*,Upgrade Armor*,*,*,*,*,Mobius Conduit*,,,,,,
Fr0st-EE5,609852545,"""6917529188575116763""",,Exotic,Leg Armor,,Hunter,1321,,Void Energy Capacity,10,Hunter(1312),true,false,false,1,3,,20,9,18,9,16,10,82,38,18,7,6,7,14,8,60,38,combatstyle,,Recovery Mod*,Shotgun Scavenger*,Oiled Algae*,Upgrade Armor*,*,*,*,*,Rapid Cooldown*,,,,,,
The Bombardiers,1219761634,"""6917529360650580846""",,Exotic,Leg Armor,,Hunter,1312,,Void Energy Capacity,1,Hunter(1312),true,false,false,3,9,,17,2,12,14,16,2,63,45,17,2,12,14,16,2,63,45,combatstyle,,Change Energy Type*,*,*,*,*,Parting Gift*,,,,,,,,,
Radiant Dance Machines,1702288800,"""6917529446923650657""",,Exotic,Leg Armor,lostsectors,Hunter,1320,,Arc Energy Capacity,9,Hunter(1312),true,false,false,4,15,,12,16,16,10,6,16,76,24,12,16,6,10,6,16,66,24,combatstyle,,Recovery Mod*,Rocket Launcher Scavenger*,Upgrade Armor*,*,*,*,*,The Dance*,,,,,,,
Lightkin Strides,3827066919,"""6917529401380467015""",,Legendary,Leg Armor,servitor,Hunter,1319,,Arc Energy Capacity,10,Hunter(1312),true,false,false,4,14,,11,4,22,4,21,13,75,48,9,2,20,2,19,11,63,48,combatstyle,,Recovery Mod*,Sniper Rifle Scavenger*,Sniper Rifle Scavenger*,Cryptic Insignia*,Upgrade Armor*,*,*,*,*,Luxe Riders*,,,,,
Lucky Pants,193869522,"""6917529289828756063""",,Exotic,Leg Armor,,Hunter,1260,,Arc Energy Capacity,2,Hunter(1312),true,false,false,1,1,,15,15,2,2,22,8,64,39,15,15,2,2,22,8,64,39,combatstyle,,Upgrade Armor*,*,*,*,*,Illegally Modded Holster*,Hand Cannon Holster*,,,,,,,,
St0mp-EE5,193869520,"""6917529312260466534""",,Exotic,Leg Armor,,Hunter,1320,,Arc Energy Capacity,10,Hunter(1312),true,false,false,1,1,,20,9,20,4,23,10,86,47,8,7,18,2,21,8,64,47,combatstyle,,Mobility Mod*,Trace Rifle Scavenger*,Oiled Algae*,Upgrade Armor*,*,*,*,*,Astrostrides*,Hydraulic Boosters*,,,,,
Orpheus Rig,193869523,"""6917529317340998239""",,Exotic,Leg Armor,,Hunter,1304,,Arc Energy Capacity,9,Hunter(1312),true,false,false,1,1,,19,6,7,2,18,9,61,44,19,6,7,2,18,9,61,44,combatstyle,,Minor Intellect Mod*,Rocket Launcher Scavenger*,Rocket Launcher Scavenger*,Chosen of the Warmind*,Vintage Timber*,Upgrade Armor*,*,*,*,*,Uncanny Arrows*,,,,
Star-Eater Scales,1001356380,"""6917529402590670752""",,Exotic,Leg Armor,lostsectors,Hunter,1319,,Arc Energy Capacity,8,Hunter(1312),true,true,false,4,14,,19,10,12,2,19,9,71,40,9,10,12,2,19,9,61,40,combatstyle,,Mobility Mod*,Grenade Launcher Scavenger*,Abyssinian Gold*,Upgrade Armor*,*,*,*,*,Feast of Light*,,,,,,
Cloak of the Exile,1193489623,"""6917529204658557686""",,Legendary,Hunter Cloak,trials,Hunter,1320,,Arc Energy Capacity,10,Hunter(1312),true,false,false,3,11,,7,2,2,2,2,2,17,0,0,0,0,0,0,0,0,0,combatstyle,,Minor Mobility Mod*,Distribution*,Distribution*,Oiled Algae*,Upgrade Armor*,,,,,,,,,,
Cloak of the Exile,1193489623,"""6917529204658553097""",,Legendary,Hunter Cloak,trials,Hunter,1320,,Void Energy Capacity,10,Hunter(1312),true,true,false,3,11,,2,2,2,2,2,2,12,0,0,0,0,0,0,0,0,0,combatstyle,,Particle Deconstruction*,Oiled Algae*,Upgrade Armor*,,,,,,,,,,,,
Binary Phoenix Cloak,87665893,"""6917529491045510827""",,Legendary,Hunter Cloak,crucible,Hunter,1100,,Stasis Cost,2,Hunter(1312),true,false,false,3,10,,0,0,0,0,0,0,0,0,0,0,0,0,0,0,0,0,combatstyle,,Utility Kickstart*,Utility Kickstart*,Upgrade Armor*,,,,,,,,,,,,
Mask of Bakris,1619425569,"""6917529436520193170""",,Exotic,Helmet,lostsectors,Hunter,1320,,Void Energy Capacity,9,Hunter(1312),true,false,true,4,12,,12,17,10,6,19,6,70,41,12,7,10,6,19,6,60,41,combatstyle,,Resilience Mod*,Hand Cannon Targeting*,Linear Fusion Rifle Targeting*,Upgrade Armor*,*,*,*,*,Light Shift*,,,,,,
Seventh Seraph Grips,2701297915,"""6917529181552380292""",,Legendary,Gauntlets,seasonpass,Hunter,1307,,Solar Energy Capacity,10,Hunter(1312),true,false,true,3,10,,24,8,18,11,14,14,89,40,22,6,6,9,12,12,67,40,combatstyle,,Recovery Mod*,Oiled Algae*,Upgrade Armor*,*,*,*,*,Celestial Grips*,,,,,,,
Lightkin Vest,3436655867,"""6917529401349342198""",,Legendary,Chest Armor,servitor,Hunter,1320,,Arc Energy Capacity,10,Hunter(1312),true,true,true,4,14,,19,4,25,8,27,4,87,55,7,2,23,6,25,2,65,55,combatstyle,,Mobility Mod*,Unflinching Hand Cannon Aim*,Radiant Light*,Vintage Timber*,Upgrade Armor*,*,*,*,*,Vest of the Exile*,,,,,
Solstice Strides (Magnificent),3275463030,"""6917529201109512821""",junk,Legendary,Leg Armor,events,Hunter,1320,,Void Energy Capacity,10,Hunter(1312),true,false,true,3,11,Solstice of Heroes,14,4,29,10,19,9,85,46,12,2,17,8,17,7,63,46,combatstyle,,Recovery Mod*,Sniper Rifle Scavenger*,Amethyst Veil*,Upgrade Armor*,*,*,*,*,Empyrean Cartographer Strides*,,,,,,
Solstice Cloak (Magnificent),2335430633,"""6917529200945036807""",,Legendary,Hunter Cloak,events,Hunter,1320,,Solar Energy Capacity,10,Hunter(1312),true,true,true,3,11,Solstice of Heroes,12,2,2,2,2,2,22,0,0,0,0,0,0,0,0,0,combatstyle,,Mobility Mod*,Bomber*,Bomber*,Taking Charge*,Oiled Algae*,Upgrade Armor*,Cloak of the Exile*,,,,,,,,
Channeling Cowl (CODA),2602907742,"""6917529472320203597""",favorite,Legendary,Helmet,dungeon,Warlock,1325,,Stasis Cost,10,Warlock(1353),true,false,false,3,11,,4,13,25,20,8,10,80,0,2,6,23,18,6,8,63,0,combatstyle,,Minor Resilience Mod*,Fusion Rifle Ammo Finder*,Sword Ammo Finder*,Praetorian Visage*,Upgrade Armor*,*,*,*,*,Nemean Hood*,,,,,
Moonfang-X7 Crown,2288398391,"""6917529460132564575""",,Legendary,Helmet,dungeon,Warlock,1325,,Void Energy Capacity,10,Warlock(1353),true,false,false,3,11,,4,14,27,10,19,8,82,0,2,2,25,8,17,6,60,0,combatstyle,,Resilience Mod*,Sniper Rifle Targeting*,Submachine Gun Targeting*,Praetorian Visage*,Upgrade Armor*,*,*,*,*,Nemean Hood*,,,,,
Thorium Holt Hood,1592984110,"""6917529475007578312""",,Legendary,Helmet,legendaryengram,Warlock,1326,,Stasis Cost,10,Warlock(1353),true,false,false,4,13,,4,15,24,14,8,18,83,0,2,8,22,12,6,16,66,0,combatstyle,,Minor Resilience Mod*,Sword Ammo Finder*,Fusion Rifle Ammo Finder*,Upgrade Armor*,*,*,*,*,Ancient Apocalypse Hood*,,,,,,
Iron Truage Hood,2321258055,"""6917529491013682233""",,Legendary,Helmet,ironbanner,Warlock,1320,,Stasis Cost,4,Warlock(1353),true,false,false,4,13,,10,7,15,20,7,2,61,0,10,7,15,20,7,2,61,0,combatstyle,,Upgrade Armor*,*,*,*,*,,,,,,,,,,
Channeling Cowl (CODA),2602907742,"""6917529490905553306""",,Legendary,Helmet,dungeon,Warlock,1320,,Arc Energy Capacity,4,Warlock(1353),true,false,false,3,11,,15,10,7,11,9,12,64,0,15,10,7,11,9,12,64,0,combatstyle,,Upgrade Armor*,*,*,*,*,,,,,,,,,,
Channeling Wraps (CODA),1406846351,"""6917529452499403395""",,Legendary,Gauntlets,dungeon,Warlock,1320,,Solar Energy Capacity,10,Warlock(1353),true,false,false,3,11,,4,21,23,4,23,12,87,0,2,9,21,2,21,10,65,0,combatstyle,,Resilience Mod*,Auto Rifle Loader*,Linear Fusion Rifle Loader*,Celestial Dome*,Upgrade Armor*,*,*,*,*,,,,,,
Iron Forerunner Gloves,164221422,"""6917529491029717473""",,Legendary,Gauntlets,ironbanner,Warlock,1320,,Solar Energy Capacity,1,Warlock(1353),true,false,false,4,15,,9,14,8,14,16,2,63,0,9,14,8,14,16,2,63,0,combatstyle,,Change Energy Type*,*,*,*,*,Iron Lord's Pride*,,,,,,,,,
Wild Hunt Vestment,317220729,"""6917529417274427667""",,Legendary,Chest Armor,seasonpass,Warlock,1328,,Arc Energy Capacity,10,Warlock(1353),true,false,false,4,12,,34,4,30,4,27,4,103,0,2,2,28,2,25,2,61,0,combatstyle,,Mobility Mod*,Arc Resistance*,Powerful Friends*,Oiled Algae*,Upgrade Armor*,*,*,*,*,,Pyrrhic Ascent Vestment*,,,,
Lightkin Robes,2146386894,"""6917529472783136552""",favorite,Legendary,Chest Armor,servitor,Warlock,1327,,Arc Energy Capacity,10,Warlock(1353),true,false,false,4,14,,4,18,23,4,23,12,84,0,2,6,21,2,21,10,62,0,combatstyle,,Resilience Mod*,Unflinching Hand Cannon Aim*,Radiant Light*,Oiled Algae*,Upgrade Armor*,*,*,*,*,Pyrrhic Ascent Vestment*,,,,,
Iron Forerunner Vestments,1821747970,"""6917529454507755003""",,Legendary,Chest Armor,ironbanner,Warlock,1326,,Arc Energy Capacity,10,Warlock(1353),true,false,false,4,15,,9,4,33,12,17,8,83,0,7,2,21,10,15,6,61,0,combatstyle,,Recovery Mod*,Melee Damage Resistance*,Concussive Dampener*,Radiant Light*,Oiled Algae*,Upgrade Armor*,*,*,*,*,Pyrrhic Ascent Vestment*,Iron Lord's Pride*,,,
Iron Truage Vestments,459833058,"""6917529491009812023""",,Legendary,Chest Armor,ironbanner,Warlock,1320,,Solar Energy Capacity,2,Warlock(1353),true,false,false,4,13,,10,14,7,2,15,13,61,0,10,14,7,2,15,13,61,0,combatstyle,,Upgrade Armor*,*,*,*,*,,,,,,,,,,
Prophet Snow,341343759,"""6917529491041465689""",,Rare,Chest Armor,campaign,Warlock,1320,,Void Energy Capacity,5,Warlock(1353),true,false,false,2,4,,17,2,6,11,7,7,50,0,17,2,6,11,7,7,50,0,,,Upgrade Armor*,*,*,*,*,,,,,,,,,,
Lunafaction Boots,4136768282,"""6917529481164200905""",,Exotic,Leg Armor,,Warlock,1327,,Arc Energy Capacity,7,Warlock(1353),true,false,false,1,1,,8,8,16,31,2,6,71,0,8,8,16,26,2,6,66,0,combatstyle,,Minor Discipline Mod*,Fusion Scavenger*,Sword Scavenger*,Upgrade Armor*,*,*,*,*,Alchemical Etchings*,,,,,,
Boots of the Assembler,3045642045,"""6917529481164194006""",,Exotic,Leg Armor,lostsectors,Warlock,1327,,Solar Energy Capacity,7,Warlock(1353),true,false,false,4,14,,2,20,20,11,16,2,71,0,2,10,20,11,16,2,61,0,combatstyle,,Resilience Mod*,Shotgun Scavenger*,Cryptic Insignia*,Upgrade Armor*,*,*,*,*,Blessing of Order*,,,,,,
Geomag Stabilizers,121305948,"""6917529366570280595""",,Exotic,Leg Armor,,Warlock,1312,,Arc Energy Capacity,9,Warlock(1353),true,false,false,2,4,,13,13,8,6,14,15,69,0,13,13,8,6,14,10,64,0,combatstyle,,Minor Strength Mod*,Sword Scavenger*,Auto Rifle Holster*,Font of Might*,Gilded Smoke*,Upgrade Armor*,*,*,*,*,Electromag Stabilizers*,Close Enough*,,,
Transversive Steps,138282166,"""6917529457569631924""",,Exotic,Leg Armor,,Warlock,1326,,Arc Energy Capacity,10,Warlock(1353),true,false,false,1,1,,13,9,27,16,17,4,86,0,11,7,15,14,15,2,64,0,combatstyle,,Recovery Mod*,Sword Scavenger*,Fusion Scavenger*,Bergusian Night*,Upgrade Armor*,*,*,*,*,Mindstriders*,Strange Protractor*,,,,
Legacy's Oath Boots,756445218,"""6917529490730154791""",,Legendary,Leg Armor,deepstonecrypt,Warlock,1320,,Stasis Cost,4,Warlock(1353),true,false,false,4,12,,16,10,7,6,16,9,64,0,16,10,7,6,16,9,64,0,"combatstyle,deepstonecrypt",,Upgrade Armor*,*,*,*,*,,,,,,,,,,
Pyrrhic Ascent Bond,708549601,"""6917529469443715904""",favorite,Legendary,Warlock Bond,trials,Warlock,1328,,Stasis Cost,10,Warlock(1353),true,true,false,4,14,,2,2,2,12,2,2,22,0,0,0,0,0,0,0,0,0,combatstyle,,Discipline Mod*,Utility Kickstart*,Distribution*,Canis Coat*,Upgrade Armor*,,,,,,,,,,
Memory of Cayde,3294503240,"""6917529359795565893""",,Legendary,Warlock Bond,campaign,Warlock,1324,,Arc Energy Capacity,10,Warlock(1353),true,true,false,4,12,,2,2,2,2,2,2,12,0,0,0,0,0,0,0,0,0,combatstyle,,Particle Deconstruction*,Focusing Lens*,Bergusian Night*,Upgrade Armor*,Massyrian's Draw*,,,,,,,,,,
The Beyond,1418191156,"""6917529366543927601""",keep,Legendary,Warlock Bond,,Warlock,1328,,Void Energy Capacity,9,Warlock(1353),true,true,false,4,12,,0,0,10,0,0,0,10,0,0,0,0,0,0,0,0,0,combatstyle,,Recovery Mod*,Perpetuation*,Perpetuation*,Cryptic Insignia*,Upgrade Armor*,,,,,,,,,,
Iron Forerunner Bond,1045743955,"""6917529487830429293""",infuse,Legendary,Warlock Bond,ironbanner,Warlock,1330,,Solar Energy Capacity,1,Warlock(1353),true,false,false,4,15,,0,0,0,0,0,0,0,0,0,0,0,0,0,0,0,0,combatstyle,,Change Energy Type*,Iron Lord's Pride*,,,,,,,,,,,,,
Hodiocentrist Bond,2581516944,"""6917529489047290056""",infuse,Legendary,Warlock Bond,legendaryengram,Warlock,1329,,Arc Energy Capacity,1,Warlock(1353),true,false,false,3,11,,0,0,0,0,0,0,0,0,0,0,0,0,0,0,0,0,combatstyle,,Change Energy Type*,,,,,,,,,,,,,,
Wild Hunt Bond,2055947316,"""6917529490796843768""",infuse,Legendary,Warlock Bond,seasonpass,Warlock,1329,,Arc Energy Capacity,1,Warlock(1353),true,false,false,4,12,,0,0,0,0,0,0,0,0,0,0,0,0,0,0,0,0,combatstyle,,Change Energy Type*,,,,,,,,,,,,,,
Astrocyte Verse,3948284065,"""6917529201490966936""",,Exotic,Helmet,,Warlock,1330,,Void Energy Capacity,9,Warlock(1353),true,false,true,2,7,,15,9,17,7,14,8,70,0,15,9,7,7,14,8,60,0,combatstyle,,Recovery Mod*,Hand Cannon Targeting*,Metro Shift*,Upgrade Armor*,*,,*,,*,,*,,Move to Survive*,,
Holdfast Gloves,327547301,"""6917529195602808510""",,Legendary,Gauntlets,seasonpass,Warlock,1330,,Stasis Cost,10,Warlock(1353),true,false,true,3,11,,8,8,29,11,14,14,84,0,6,6,22,9,12,12,67,0,combatstyle,,Minor Recovery Mod*,Hand Cannon Loader*,Grenade Kickstart*,Bergusian Night*,Upgrade Armor*,*,*,*,*,Tesseract Trace IV*,,,,,
Iron Forerunner Vestments,1821747970,"""6917529456958746949""",,Legendary,Chest Armor,ironbanner,Warlock,1330,,Arc Energy Capacity,10,Warlock(1353),true,false,true,4,15,,13,12,19,18,11,10,83,0,11,10,12,16,9,8,66,0,combatstyle,,Minor Recovery Mod*,Unflinching Hand Cannon Aim*,Powerful Friends*,Coppertone Patina*,Upgrade Armor*,*,*,*,*,Moonfang-X7 Robe*,Iron Lord's Pride*,,,,
Iron Truage Legs,2351038408,"""6917529359820079410""",,Legendary,Leg Armor,ironbanner,Warlock,1330,,Arc Energy Capacity,10,Warlock(1353),true,false,true,4,13,,4,11,33,14,15,8,85,0,2,9,21,12,13,6,63,0,combatstyle,,Recovery Mod*,Absolution*,Radiant Light*,Bergusian Night*,Upgrade Armor*,*,*,*,*,Meridian Constellation Pants*,,,,,
Tangled Web Bond,3699156618,"""6917529453782638376""",,Legendary,Warlock Bond,legendaryengram,Warlock,1330,,Solar Energy Capacity,10,Warlock(1353),true,true,true,4,15,,12,2,2,2,2,2,22,0,0,0,0,0,0,0,0,0,combatstyle,,Mobility Mod*,Bomber*,Bomber*,Taking Charge*,Bergusian Night*,Upgrade Armor*,Massyrian's Draw*,,,,,,,,
Iron Truage Helm,682107058,"""6917529361764561946""",,Legendary,Helmet,ironbanner,Titan,1308,,Arc Energy Capacity,2,Titan(1280),true,false,false,4,13,,7,9,12,14,7,10,59,0,7,9,12,14,7,10,59,0,combatstyle,,Upgrade Armor*,*,*,*,*,,,,,,,,,,
Praefectus Helm,4003170632,"""6917529310341255008""",,Legendary,Helmet,seasonpass,Titan,1269,,Void Energy Capacity,6,Titan(1280),true,false,false,4,13,,16,22,6,6,19,8,77,0,16,12,6,6,19,8,67,0,combatstyle,,Resilience Mod*,Machine Gun Ammo Finder*,Upgrade Armor*,*,*,*,*,,,,,,,,
One-Eyed Mask,2578771006,"""6917529360892853221""",,Exotic,Helmet,,Titan,1304,,Void Energy Capacity,5,Titan(1280),true,false,false,2,4,,13,11,9,17,12,2,64,0,13,11,9,17,12,2,64,0,combatstyle,,Upgrade Armor*,*,*,*,*,Vengeance*,,,,,,,,,
Helm of the Great Hunt,4219088013,"""6917529201831627951""",,Legendary,Helmet,lastwish,Titan,1100,,Void Energy Capacity,1,Titan(1280),true,false,false,3,11,,6,10,13,14,16,2,61,0,6,10,13,14,16,2,61,0,combatstyle,,Change Energy Type*,*,*,*,*,,,,,,,,,,
Iron Truage Helm,682107058,"""6917529361169409604""",,Legendary,Helmet,ironbanner,Titan,1309,,Solar Energy Capacity,9,Titan(1280),true,false,false,4,13,,7,2,23,16,7,8,63,0,7,2,23,16,7,8,63,0,combatstyle,,Rocket Launcher Ammo Finder*,Rocket Launcher Ammo Finder*,Vintage Timber*,Upgrade Armor*,*,*,*,*,Brave Titan Helm*,,,,,,
Kerak Type 2,1091190365,"""6917529364145488167""",,Legendary,Helmet,legendaryengram,Titan,1311,,Void Energy Capacity,1,Titan(1280),true,false,false,4,12,,12,6,16,2,9,19,64,0,12,6,16,2,9,19,64,0,combatstyle,,Change Energy Type*,*,*,*,*,,,,,,,,,,
Mask of the Quiet One,3883866764,"""6917529196557844561""",,Exotic,Helmet,,Titan,1100,,Void Energy Capacity,1,Titan(1280),true,false,false,1,1,,7,9,16,2,20,8,62,0,7,9,16,2,20,8,62,0,combatstyle,,Change Energy Type*,*,,*,*,,*,,Dreaded Visage*,,,,,,
Doom Fang Pauldron,241462141,"""6917529203395120890""",,Exotic,Gauntlets,,Titan,1100,,Void Energy Capacity,1,Titan(1280),true,false,false,1,1,,7,3,22,7,2,20,61,0,7,3,22,7,2,20,61,0,combatstyle,,Change Energy Type*,*,,*,,*,,*,,Horns of Doom*,,,,,
Synthoceps,241462142,"""6917529195715539343""",,Exotic,Gauntlets,,Titan,1100,,Solar Energy Capacity,3,Titan(1280),true,false,false,1,1,,19,8,14,9,13,9,72,0,9,8,14,9,13,9,62,0,combatstyle,,Mobility Mod*,Upgrade Armor*,*,,*,,*,,*,,~flex enhance replicate~*,Biotic Enhancements*,,,
Stronghold,2240152949,"""6917529362834496766""",,Exotic,Gauntlets,,Titan,1311,,Void Energy Capacity,3,Titan(1280),true,false,false,2,6,,21,11,2,7,10,14,65,0,21,11,2,7,10,14,65,0,combatstyle,,Upgrade Armor*,*,*,*,*,Clenched Fist*,,,,,,,,,
Holdfast Gauntlets,287888126,"""6917529196452558723""",,Legendary,Gauntlets,seasonpass,Titan,1300,,Solar Energy Capacity,8,Titan(1280),true,false,false,3,11,,2,22,20,9,12,12,77,0,2,22,10,9,12,12,67,0,combatstyle,,Recovery Mod*,Grenade Launcher Loader*,New Age Black Armory*,Upgrade Armor*,*,*,*,*,Interlaced Gauntlets*,,,,,,
Iron Truage Gauntlets,1148460187,"""6917529362002254931""",,Legendary,Gauntlets,ironbanner,Titan,1309,,Void Energy Capacity,8,Titan(1280),true,false,false,4,13,,2,20,22,8,12,13,77,0,2,20,12,8,12,13,67,0,combatstyle,,Recovery Mod*,Hand Cannon Loader*,Vintage Timber*,Upgrade Armor*,*,*,*,*,Sunbreak Gauntlets*,,,,,,
Aeon Safe,1654461647,"""6917529202584146327""",,Exotic,Gauntlets,,Titan,1100,,Arc Energy Capacity,1,Titan(1280),true,false,false,1,2,,20,4,10,2,19,11,66,0,20,4,10,2,19,11,66,0,combatstyle,,Change Energy Type*,*,,*,*,,*,,Sect of Force*,,,,,,
Praefectus Gauntlets,3350504921,"""6917529297247528234""",,Legendary,Gauntlets,seasonpass,Titan,1170,,Void Energy Capacity,6,Titan(1280),true,false,false,4,13,,14,12,7,11,14,6,64,0,14,12,7,11,14,6,64,0,combatstyle,,Upgrade Armor*,*,*,*,*,,,,,,,,,,
Ursa Furiosa,1848640623,"""6917529361679996287""",,Exotic,Gauntlets,,Titan,1310,,Arc Energy Capacity,4,Titan(1280),true,false,false,2,4,,8,15,9,2,22,6,62,0,8,15,9,2,22,6,62,0,combatstyle,,Upgrade Armor*,*,*,*,*,Ursine Guard*,,,,,,,,,
Hallowfire Heart,1192890598,"""6917529361672521234""",,Exotic,Chest Armor,,Titan,1308,,Void Energy Capacity,2,Titan(1280),true,false,false,1,1,,4,7,25,6,10,16,68,0,4,7,25,6,10,16,68,0,combatstyle,,Upgrade Armor*,*,*,*,*,Sunfire Furnace*,,,,,,,,,
Heart of Inmost Light,1341951177,"""6917529361592798741""",,Exotic,Chest Armor,,Titan,1310,,Arc Energy Capacity,4,Titan(1280),true,false,false,2,4,,26,3,7,9,10,11,66,0,26,3,7,9,10,11,66,0,combatstyle,,Upgrade Armor*,*,*,*,*,Overflowing Light*,,,,,,,,,
Actium War Rig,1591207518,"""6917529202157869220""",,Exotic,Chest Armor,,Titan,1100,,Arc Energy Capacity,1,Titan(1280),true,false,false,1,1,,19,3,12,9,13,9,65,0,19,3,12,9,13,9,65,0,combatstyle,,Change Energy Type*,*,*,,*,,*,,Auto-Loading Link*,,,,,,
Holdfast Plate,1585947570,"""6917529196458057802""",,Legendary,Chest Armor,seasonpass,Titan,1310,,Solar Energy Capacity,9,Titan(1280),true,false,false,3,11,,8,17,7,6,19,8,65,0,8,17,7,6,19,8,65,0,combatstyle,,Rocket Launcher Reserves*,Rocket Launcher Reserves*,Vintage Timber*,Upgrade Armor*,*,*,*,*,Brave Titan Plate*,,,,,,
Crest of Alpha Lupi,1591207519,"""6917529397088999484""",,Exotic,Chest Armor,,Titan,1310,,Solar Energy Capacity,1,Titan(1280),true,false,false,1,1,,11,10,10,19,12,2,64,0,11,10,10,19,12,2,64,0,combatstyle,,Change Energy Type*,*,,*,,*,,*,,Survival Well*,,,,,
Armamentarium,3874247549,"""6917529312406108500""",,Exotic,Chest Armor,,Titan,1282,,Void Energy Capacity,1,Titan(1280),true,false,false,1,3,,13,10,10,17,13,2,65,0,13,10,10,17,13,2,65,0,combatstyle,,Change Energy Type*,*,*,*,*,And Another Thing*,,,,,,,,,
Severance Enclosure,2326396534,"""6917529361599892500""",,Exotic,Chest Armor,,Titan,1310,,Void Energy Capacity,4,Titan(1280),true,false,false,3,9,,14,14,2,7,2,23,62,0,14,14,2,7,2,23,62,0,combatstyle,,Upgrade Armor*,*,*,*,*,Spheromatik Trigger*,,,,,,,,,
Plate of the Great Hunt,3143067364,"""6917529198042574754""",,Legendary,Chest Armor,lastwish,Titan,1100,,Solar Energy Capacity,3,Titan(1280),true,false,false,3,11,,10,23,9,6,9,16,73,0,10,13,9,6,9,16,63,0,combatstyle,,Resilience Mod*,Precursor Vex Chrome*,Upgrade Armor*,*,*,*,*,Siegebreak Plate*,,,,,,,
Peacekeepers,3539357319,"""6917529198434411073""",,Exotic,Leg Armor,,Titan,1100,,Solar Energy Capacity,1,Titan(1280),true,false,false,1,1,,8,19,6,7,2,21,63,0,8,19,6,7,2,21,63,0,combatstyle,,Change Energy Type*,*,,*,,*,,*,,Mecha Holster*,,,,,
Greaves of the Great Hunt,3874578566,"""6917529203941407158""",,Legendary,Leg Armor,lastwish,Titan,1100,,Solar Energy Capacity,5,Titan(1280),true,false,false,3,11,,8,21,2,2,16,11,60,0,8,21,2,2,16,11,60,0,combatstyle,,Upgrade Armor*,*,*,*,*,,,,,,,,,,
Holdfast Greaves,1131831128,"""6917529196458058869""",,Legendary,Leg Armor,seasonpass,Titan,1100,,Solar Energy Capacity,6,Titan(1280),true,false,false,3,11,,7,20,6,12,9,12,66,0,7,20,6,12,9,12,66,0,combatstyle,,Upgrade Armor*,*,*,*,*,,,,,,,,,,
The Path of Burning Steps,1453120846,"""6917529362097845829""",,Exotic,Leg Armor,lostsectors,Titan,1311,,Arc Energy Capacity,4,Titan(1280),true,true,false,4,14,,8,6,16,9,9,13,61,0,8,6,16,9,9,13,61,0,combatstyle,,Minor Recovery Mod*,Shotgun Scavenger*,Rustberry*,Upgrade Armor*,*,*,*,*,Firewalker*,,,,,,
Antaeus Wards,2423243921,"""6917529362227611911""",,Exotic,Leg Armor,,Titan,1311,,Arc Energy Capacity,8,Titan(1280),true,false,false,2,4,,3,17,14,9,8,16,67,0,3,17,14,9,8,16,67,0,combatstyle,,Minor Recovery Mod*,Sniper Rifle Scavenger*,Sniper Rifle Scavenger*,Jacarina*,Upgrade Armor*,*,*,*,*,Reflective Vents*,,,,,
Mimetic Savior Greaves,4293588774,"""6917529362423465478""",,Legendary,Leg Armor,legendaryengram,Titan,1311,,Solar Energy Capacity,1,Titan(1280),true,false,false,4,13,,8,12,13,2,15,14,64,0,8,12,13,2,15,14,64,0,combatstyle,,Change Energy Type*,*,*,*,*,,,,,,,,,,
Memory of Cayde Mark,3810010787,"""6917529450833443401""",,Legendary,Titan Mark,campaign,Titan,1318,,Stasis Cost,4,Titan(1280),true,false,false,4,12,,0,0,0,0,0,0,0,0,0,0,0,0,0,0,0,0,combatstyle,,Upgrade Armor*,,,,,,,,,,,,,,
Legion-Bane,1775818231,"""6917529469585189986""",junk,Rare,Chest Armor,campaign,Titan,1317,,Solar Energy Capacity,5,Titan(1280),true,false,false,2,4,,6,12,6,6,6,11,47,0,6,12,6,6,6,11,47,0,,,Upgrade Armor*,*,*,*,*,,,,,,,,,,
Primal Siege Type 1,4166795065,"""6917529474007563394""",junk,Rare,Helmet,campaign,Titan,1319,,Void Energy Capacity,5,Titan(1280),true,false,false,2,4,,8,6,10,2,6,16,48,0,8,6,10,2,6,16,48,0,,,Upgrade Armor*,*,*,*,*,,,,,,,,,,
Iron Truage Helm,682107058,"""6917529364372766465""",,Legendary,Helmet,ironbanner,Titan,1309,,Void Energy Capacity,4,Titan(1280),true,false,true,4,13,,16,2,26,11,12,10,77,0,6,2,26,11,12,10,67,0,combatstyle,,Mobility Mod*,Vintage Timber*,Upgrade Armor*,*,*,*,*,Brave Titan Helm*,,,,,,,
ACD/0 Feedback Fence,2563444729,"""6917529247018068047""",,Exotic,Gauntlets,,Titan,1100,,Arc Energy Capacity,7,Titan(1280),true,false,true,1,1,,7,14,10,7,15,20,73,0,7,14,10,7,15,10,63,0,combatstyle,,Strength Mod*,Radiant Light*,Vintage Timber*,Upgrade Armor*,*,,*,,*,*,,Fury Conductors*,,,
Iron Truage Plate,1779796469,"""6917529362441296055""",,Legendary,Chest Armor,ironbanner,Titan,1308,,Solar Energy Capacity,1,Titan(1280),true,false,true,4,13,,12,6,15,9,9,18,69,0,12,6,15,9,9,13,64,0,combatstyle,,Minor Strength Mod*,Vintage Timber*,Change Energy Type*,*,*,*,*,Brave Titan Plate*,,,,,,,
Iron Truage Greaves,23061005,"""6917529361169411207""",,Legendary,Leg Armor,ironbanner,Titan,1312,,Solar Energy Capacity,6,Titan(1280),true,false,true,4,13,,7,9,15,6,17,10,64,0,7,9,15,6,17,10,64,0,combatstyle,,Rocket Launcher Scavenger*,Vintage Timber*,Upgrade Armor*,*,*,*,*,Brave Titan Greaves*,,,,,,,
Praefectus Mark,1659172686,"""6917529310341252336""",,Legendary,Titan Mark,seasonpass,Titan,1310,,Arc Energy Capacity,9,Titan(1280),true,false,true,4,13,,20,0,0,0,0,10,30,0,0,0,0,0,0,0,0,0,combatstyle,,Strength Mod*,Outreach*,Powerful Friends*,Vintage Timber*,Upgrade Armor*,Brave Titan's Mark*,,,,,,,,,
Dunemarchers,1160559849,"""6917529361679997726""",,Exotic,Leg Armor,,Titan,1308,,Arc Energy Capacity,9,Vault,true,false,false,1,1,,3,11,18,7,12,10,61,0,3,11,18,7,12,10,61,0,combatstyle,,Recovery Mod*,Shotgun Scavenger*,Radiant Light*,Fright Night*,Upgrade Armor*,*,,*,,*,,*,,Linear Actuators*,
Claws of Ahamkara,3288917178,"""6917529197381365658""",,Exotic,Gauntlets,,Warlock,1323,,Stasis Cost,9,Vault,true,false,false,1,3,,7,8,17,9,6,20,67,0,7,8,17,9,6,15,62,0,combatstyle,,Minor Strength Mod*,Grenade Kickstart*,Grenade Kickstart*,Rivalry Resolute*,Upgrade Armor*,*,,*,,*,,*,,The Whispers*,
Mk. 44 Stand Asides,136355432,"""6917529194921559694""",,Exotic,Leg Armor,,Titan,1100,,Void Energy Capacity,5,Vault,true,false,false,1,2,,9,14,9,9,20,2,63,0,9,14,9,9,20,2,63,0,combatstyle,,Heavy Ammo Scavenger*,Precursor Vex Chrome*,Upgrade Armor*,*,*,,*,,*,,"Seriously, Watch Out*",,,,
Peregrine Greaves,2255796155,"""6917529200032463876""",,Exotic,Leg Armor,,Titan,1100,,Arc Energy Capacity,1,Vault,true,false,false,2,7,,15,3,14,7,17,8,64,0,15,3,14,7,17,8,64,0,combatstyle,,Change Energy Type*,*,,*,*,*,Peregrine Strike*,,,,,,,,
Lion Rampant,3539357318,"""6917529199435695553""",,Exotic,Leg Armor,,Titan,1100,,Arc Energy Capacity,1,Vault,true,false,false,1,1,,13,11,7,11,18,2,62,0,13,11,7,11,18,2,62,0,combatstyle,,Precursor Vex Chrome*,Change Energy Type*,*,,*,,*,,*,Jump Jets*,,,,,
Tesseract Trace IV,1920259123,"""6917529482102551687""",junk,Legendary,Gauntlets,legendaryengram,Warlock,1328,,Arc Energy Capacity,4,Vault,true,false,false,3,11,,12,12,2,10,11,2,49,0,12,12,2,10,11,2,49,0,combatstyle,,Upgrade Armor*,*,*,*,*,,,,,,,,,,
Apotheosis Veil,1096253259,"""6917529482953472165""",,Exotic,Helmet,,Warlock,1320,,Arc Energy Capacity,1,Vault,true,false,false,1,3,,7,3,23,13,12,6,64,0,7,3,23,13,12,6,64,0,combatstyle,,Change Energy Type*,*,*,*,*,Insatiable*,,,,,,,,,
Sunbracers,3787517196,"""6917529451679125920""",,Exotic,Gauntlets,,Warlock,1320,,Arc Energy Capacity,7,Vault,true,false,false,1,1,,17,9,17,16,2,14,75,0,17,9,7,16,2,14,65,0,combatstyle,,Recovery Mod*,Momentum Transfer*,Upgrade Armor*,*,*,*,*,Helium Spirals*,,,,,,,
Sunbracers,3787517196,"""6917529456964563871""",,Exotic,Gauntlets,,Warlock,1321,,Void Energy Capacity,3,Vault,true,false,false,1,1,,8,9,15,20,7,2,61,0,8,9,15,20,7,2,61,0,combatstyle,,Upgrade Armor*,*,*,*,*,Helium Spirals*,,,,,,,,,
Insight Vikti Gloves,4239920089,"""6917529482102547207""",junk,Legendary,Gauntlets,legendaryengram,Warlock,1328,,Arc Energy Capacity,1,Vault,true,false,false,3,11,,7,6,12,7,6,12,50,0,7,6,12,7,6,12,50,0,combatstyle,,Change Energy Type*,*,*,*,*,,,,,,,,,,
Iron Forerunner Gloves,164221422,"""6917529487870070826""",,Legendary,Gauntlets,ironbanner,Warlock,1330,,Solar Energy Capacity,2,Vault,true,true,false,4,15,,8,2,22,20,10,2,64,0,8,2,22,20,10,2,64,0,combatstyle,,Upgrade Armor*,*,*,*,*,Iron Lord's Pride*,,,,,,,,,
Wormgod Caress,1734844651,"""6917529203758211130""",,Exotic,Gauntlets,,Titan,1100,,Solar Energy Capacity,1,Vault,true,false,false,1,3,,6,8,17,9,10,10,60,0,6,8,17,9,10,10,60,0,combatstyle,,Change Energy Type*,*,,*,,*,,*,,Burning Fists*,,,,,
Shards of Galanor,691578979,"""6917529196149912948""",,Exotic,Gauntlets,,Hunter,1100,,Void Energy Capacity,3,Vault,true,false,false,2,4,,20,10,12,2,21,7,72,43,10,10,12,2,21,7,62,43,combatstyle,,Mobility Mod*,Bloody Tooth*,Upgrade Armor*,*,*,*,*,Sharp Edges*,,,,,,,
Iron Forerunner Gloves,164221422,"""6917529487865098949""",,Legendary,Gauntlets,ironbanner,Warlock,1330,,Void Energy Capacity,4,Vault,true,false,false,4,15,,2,12,18,15,8,8,63,0,2,12,18,15,8,8,63,0,combatstyle,,Upgrade Armor*,*,*,*,*,Iron Lord's Pride*,,,,,,,,,
Channeling Robes (CODA),1652467433,"""6917529472683353279""",,Legendary,Chest Armor,dungeon,Warlock,1320,,Void Energy Capacity,3,Vault,true,false,false,3,11,,7,2,22,23,2,7,63,0,7,2,22,23,2,7,63,0,combatstyle,,Upgrade Armor*,*,*,*,*,,,,,,,,,,
Iron Truage Boots,2251614491,"""6917529359646935125""",,Legendary,Leg Armor,ironbanner,Hunter,1308,,Arc Energy Capacity,10,Vault,true,false,false,4,13,,12,9,26,10,17,9,83,39,10,7,14,8,15,7,61,39,combatstyle,,Recovery Mod*,Linear Fusion Rifle Scavenger*,Cryptic Insignia*,Upgrade Armor*,*,*,*,*,Luxe Riders*,,,,,,
Iron Forerunner Gloves,164221422,"""6917529487834389505""",,Legendary,Gauntlets,ironbanner,Warlock,1320,,Stasis Cost,4,Vault,true,false,false,4,15,,13,6,11,6,20,7,63,0,13,6,11,6,20,7,63,0,combatstyle,,Upgrade Armor*,*,*,*,*,Iron Lord's Pride*,,,,,,,,,
Winter's Guile,3844826443,"""6917529458301517004""",,Exotic,Gauntlets,,Warlock,1319,,Void Energy Capacity,1,Vault,true,false,false,1,1,,13,16,4,14,7,12,66,0,13,16,4,14,7,12,66,0,combatstyle,,Change Energy Type*,*,*,*,*,Warlord's Sigil*,,,,,,,,,
Ophidian Aspect,3627185503,"""6917529199429716126""",,Exotic,Gauntlets,,Warlock,1299,,Arc Energy Capacity,8,Vault,true,false,false,1,2,,9,19,9,8,7,14,66,0,9,14,9,8,7,14,61,0,combatstyle,,Minor Resilience Mod*,Fusion Rifle Dexterity*,Pulse Rifle Loader*,Oiled Algae*,Upgrade Armor*,*,,*,,*,,*,,Cobra Totemic*,
Pyrrhic Ascent Hood,4161591237,"""6917529483529767441""",,Legendary,Helmet,trials,Warlock,1308,,Void Energy Capacity,1,Vault,true,false,false,4,14,,6,6,22,15,2,14,65,0,6,6,22,15,2,14,65,0,combatstyle,,Change Energy Type*,*,*,*,*,,,,,,,,,,
Karnstein Armlets,3844826440,"""6917529189230285138""",,Exotic,Gauntlets,,Warlock,1100,,Void Energy Capacity,6,Vault,true,false,false,1,1,,6,7,13,6,10,6,48,0,6,7,13,6,10,6,48,0,combatstyle,,Hand Cannon Loader*,Upgrade Armor*,*,*,*,*,Vampire's Caress*,,,,,,,,
Oathkeeper,691578978,"""6917529401333763592""",,Exotic,Gauntlets,,Hunter,1318,,Arc Energy Capacity,9,Vault,true,false,false,2,4,,25,2,17,8,8,16,76,40,15,2,17,8,8,16,66,40,combatstyle,,Mobility Mod*,Bow Reloader*,Bow Reloader*,Upgrade Armor*,*,*,*,*,Adamantine Brace*,,,,,,
Citan's Ramparts,1190497097,"""6917529339570593060""",,Exotic,Gauntlets,,Titan,1300,,Void Energy Capacity,1,Vault,true,false,false,3,10,,16,14,2,15,9,7,63,0,16,14,2,15,9,7,63,0,combatstyle,,Change Energy Type*,*,*,*,,*,Assault Barricade*,,,,,,,,
Aeon Soul,2950045886,"""6917529451627346374""",,Exotic,Gauntlets,,Warlock,1317,,Solar Energy Capacity,2,Vault,true,false,false,1,2,,12,12,12,14,7,9,66,0,12,12,12,14,7,9,66,0,combatstyle,,Upgrade Armor*,*,*,*,*,Sect of Force*,,,,,,,,,
Moonfang-X7 Gloves,1361912510,"""6917529472648559083""",,Legendary,Gauntlets,dungeon,Warlock,1320,,Void Energy Capacity,3,Vault,true,false,false,3,11,,10,2,16,22,2,6,58,0,10,2,16,22,2,6,58,0,combatstyle,,Upgrade Armor*,*,*,*,*,,,,,,,,,,
Iron Forerunner Hood,2217519207,"""6917529455858135053""",,Legendary,Helmet,ironbanner,Warlock,1318,,Stasis Cost,2,Vault,true,false,false,4,15,,6,14,10,22,8,2,62,0,6,14,10,22,8,2,62,0,combatstyle,,Upgrade Armor*,*,*,*,*,Iron Lord's Pride*,,,,,,,,,
Felwinter's Helm,2822465023,"""6917529419748404591""",,Exotic,Helmet,,Warlock,1315,,Arc Energy Capacity,2,Vault,true,false,false,3,10,,16,2,16,17,11,2,64,0,16,2,16,17,11,2,64,0,combatstyle,,Upgrade Armor*,*,*,*,*,Warlord's End*,,,,,,,,,
Lucky Raspberry,903984858,"""6917529196687333350""",,Exotic,Chest Armor,,Hunter,1100,,Arc Energy Capacity,4,Vault,true,false,false,1,1,,4,25,15,21,10,2,77,29,4,15,15,21,10,2,67,29,combatstyle,,Resilience Mod*,Oiled Algae*,Upgrade Armor*,*,*,*,*,Probability Matrix*,,,,,,,
Young Ahamkara's Spine,475652357,"""6917529201496421107""",,Exotic,Gauntlets,,Hunter,1320,,Void Energy Capacity,9,Vault,true,true,false,1,1,,17,3,24,11,15,2,72,46,7,3,24,11,15,2,62,46,combatstyle,,Mobility Mod*,Sniper Rifle Dexterity*,Sniper Rifle Dexterity*,Vintage Timber*,Upgrade Armor*,*,*,*,*,Wish-Dragon Teeth*,,,,,
Aeon Soul,2950045886,"""6917529453823055145""",,Exotic,Gauntlets,,Warlock,1320,,Void Energy Capacity,1,Vault,true,false,false,1,2,,7,12,14,15,7,9,64,0,7,12,14,15,7,9,64,0,combatstyle,,Change Energy Type*,*,*,*,*,Sect of Force*,,,,,,,,,
Wings of Sacred Dawn,370930766,"""6917529202577787191""",,Exotic,Chest Armor,,Warlock,1100,,Solar Energy Capacity,6,Vault,true,false,false,1,1,,18,7,17,17,6,7,72,0,18,7,7,17,6,7,62,0,combatstyle,,Recovery Mod*,Skele-Ghaul*,Upgrade Armor*,*,,*,,*,*,,Tome of Dawn*,,,,
Eye of Another World,3381022970,"""6917529458293878375""",,Exotic,Helmet,,Warlock,1324,,Arc Energy Capacity,10,Vault,true,false,false,1,1,,9,12,18,34,4,12,89,0,7,10,16,22,2,10,67,0,combatstyle,,Discipline Mod*,Shotgun Targeting*,Shotgun Targeting*,Rustberry*,Upgrade Armor*,*,*,*,*,Cerebral Uplink*,,,,,
Iron Forerunner Gloves,164221422,"""6917529487664205473""",,Legendary,Gauntlets,ironbanner,Warlock,1320,,Stasis Cost,5,Vault,true,false,false,4,15,,2,12,18,7,16,7,62,0,2,12,18,7,16,7,62,0,combatstyle,,Upgrade Armor*,*,*,*,*,Iron Lord's Pride*,,,,,,,,,
Iron Forerunner Hood,2217519207,"""6917529487861353220""",,Legendary,Helmet,ironbanner,Warlock,1320,,Solar Energy Capacity,4,Vault,true,false,false,4,15,,2,6,23,12,7,9,59,0,2,6,23,12,7,9,59,0,combatstyle,,Upgrade Armor*,*,*,*,*,Iron Lord's Pride*,,,,,,,,,
The Stag,2177524718,"""6917529474542062589""",,Exotic,Helmet,,Warlock,1326,,Stasis Cost,7,Vault,true,false,false,1,2,,14,7,11,2,18,11,63,0,14,7,11,2,18,11,63,0,combatstyle,,Auto Rifle Targeting*,Upgrade Armor*,*,*,*,*,Dearly Departed*,,,,,,,,
Sanguine Alchemy,3070555693,"""6917529364044706058""",,Exotic,Chest Armor,,Warlock,1310,,Solar Energy Capacity,2,Vault,true,false,false,1,3,,9,3,22,2,20,12,68,0,9,3,22,2,20,12,68,0,combatstyle,,Upgrade Armor*,*,*,*,*,Blood Magic*,,,,,,,,,
Gemini Jester,1163283805,"""6917529185631229587""",,Exotic,Leg Armor,,Hunter,1100,,Arc Energy Capacity,7,Vault,true,false,false,1,2,,10,9,16,7,18,6,66,44,10,9,16,7,18,6,66,44,combatstyle,,Traction*,Special Ammo Scavenger*,Precursor Vex Chrome*,Upgrade Armor*,*,*,*,*,Trickster*,Misdirection*,,,,,
Robes of the Great Hunt,776723133,"""6917529197808351562""",,Legendary,Chest Armor,lastwish,Warlock,1297,,Arc Energy Capacity,9,Vault,true,false,false,3,11,,2,6,23,23,14,22,90,0,2,6,23,13,14,2,60,0,combatstyle,,Discipline Mod*,Arc Resistance*,Radiant Light*,Carbon Blood*,Upgrade Armor*,*,*,*,*,Wing Theorem*,,,,,
Starfire Protocol,2082483156,"""6917529456958747705""",,Exotic,Chest Armor,,Warlock,1321,,Solar Energy Capacity,1,Vault,true,false,false,1,1,,14,7,14,17,13,2,67,0,14,7,14,17,13,2,67,0,combatstyle,,Change Energy Type*,*,*,*,*,Fusion Harness*,,,,,,,,,
Philomath Robes,282139107,"""6917529455143140228""",,Legendary,Chest Armor,legendaryengram,Warlock,1321,,Solar Energy Capacity,5,Vault,true,false,false,4,12,,2,23,6,20,2,6,59,0,2,23,6,20,2,6,59,0,combatstyle,,Upgrade Armor*,*,*,*,*,,,,,,,,,,
Iron Forerunner Boots,2247299560,"""6917529487870068471""",,Legendary,Leg Armor,ironbanner,Warlock,1320,,Arc Energy Capacity,4,Vault,true,false,false,4,15,,15,2,14,2,10,18,61,0,15,2,14,2,10,18,61,0,combatstyle,,Upgrade Armor*,*,*,*,*,Iron Lord's Pride*,,,,,,,,,
Lunafaction Boots,4136768282,"""6917529366564648123""",,Exotic,Leg Armor,,Warlock,1311,,Arc Energy Capacity,8,Vault,true,false,false,1,1,,2,15,16,6,21,9,69,0,2,15,16,6,16,9,64,0,combatstyle,,Minor Intellect Mod*,Fusion Scavenger*,Radiant Light*,Precursor Vex Chrome*,Upgrade Armor*,*,*,*,*,Alchemical Etchings*,,,,,
Iron Truage Boots,2251614491,"""6917529332590990308""",junk,Legendary,Leg Armor,ironbanner,Hunter,1320,,Arc Energy Capacity,10,Vault,true,false,false,4,13,,28,4,18,9,22,4,85,52,26,2,6,7,20,2,63,52,combatstyle,,Recovery Mod*,Hand Cannon Holster*,Fusion Scavenger*,Cryptic Insignia*,Upgrade Armor*,*,*,*,*,Luxe Riders*,,,,,
Transversive Steps,138282166,"""6917529367265703088""",,Exotic,Leg Armor,,Warlock,1320,,Void Energy Capacity,9,Vault,true,false,false,1,1,,16,8,18,10,12,10,74,0,16,8,8,10,12,10,64,0,combatstyle,,Recovery Mod*,Sword Scavenger*,Taking Charge*,Calus's Selected*,Upgrade Armor*,*,*,*,*,Mindstriders*,Strange Protractor*,,,,
Liar's Handshake,4165919945,"""6917529401175782472""",,Exotic,Gauntlets,,Hunter,1318,,Arc Energy Capacity,5,Vault,true,false,false,2,6,,4,15,13,2,22,7,63,39,4,15,13,2,22,7,63,39,combatstyle,,Upgrade Armor*,*,*,*,*,Cross Counter*,,,,,,,,,
Moonfang-X7 Gloves,1361912510,"""6917529472673913504""",,Legendary,Gauntlets,dungeon,Warlock,1320,,Stasis Cost,2,Vault,true,false,false,3,11,,2,14,14,2,24,2,58,0,2,14,14,2,24,2,58,0,combatstyle,,Upgrade Armor*,*,*,*,*,,,,,,,,,,
Apotheosis Veil,1096253259,"""6917529466323785770""",,Exotic,Helmet,,Warlock,1323,,Stasis Cost,3,Vault,true,false,false,1,3,,8,10,15,6,24,2,65,0,8,10,15,6,24,2,65,0,combatstyle,,Upgrade Armor*,*,*,*,*,Insatiable*,,,,,,,,,
Winter's Guile,3844826443,"""6917529458301519520""",,Exotic,Gauntlets,,Warlock,1321,,Void Energy Capacity,4,Vault,true,false,false,1,1,,12,13,10,12,12,7,66,0,12,13,10,12,12,7,66,0,combatstyle,,Upgrade Armor*,*,*,*,*,Warlord's Sigil*,,,,,,,,,
Starfire Protocol,2082483156,"""6917529475755991143""",,Exotic,Chest Armor,,Warlock,1326,,Stasis Cost,3,Vault,true,false,false,1,1,,13,13,8,13,8,9,64,0,13,13,8,13,8,9,64,0,combatstyle,,Upgrade Armor*,*,*,*,*,Fusion Harness*,,,,,,,,,
Insight Vikti Hood,597618504,"""6917529487649657359""",infuse,Legendary,Helmet,legendaryengram,Warlock,1329,,Void Energy Capacity,3,Vault,true,false,false,3,11,,6,2,16,10,14,2,50,0,6,2,16,10,14,2,50,0,combatstyle,,Upgrade Armor*,*,*,*,*,,,,,,,,,,
Crown of Tempests,3381022969,"""6917529467877645271""",,Exotic,Helmet,,Warlock,1320,,Solar Energy Capacity,2,Vault,true,false,false,1,1,,3,13,16,2,28,2,64,0,3,13,16,2,28,2,64,0,combatstyle,,Upgrade Armor*,*,*,*,*,Conduction Tines*,,,,,,,,,
Felwinter's Helm,2822465023,"""6917529469380728360""",,Exotic,Helmet,,Warlock,1324,,Arc Energy Capacity,3,Vault,true,false,false,3,10,,17,6,8,19,11,2,63,0,17,6,8,19,11,2,63,0,combatstyle,,Upgrade Armor*,*,*,*,*,Warlord's End*,,,,,,,,,
Praefectus Cover,3311198527,"""6917529303561452705""",,Legendary,Helmet,seasonpass,Warlock,1320,,Void Energy Capacity,9,Vault,true,false,false,4,13,,8,17,17,11,14,6,73,0,8,17,7,11,14,6,63,0,combatstyle,,Recovery Mod*,Linear Fusion Rifle Ammo Finder*,Fusion Rifle Ammo Finder*,Calus's Selected*,Upgrade Armor*,*,*,*,*,Nemean Hood*,,,,,
Pathfinder's Visor,3642146012,"""6917529486468581448""",,Legendary,Helmet,,Warlock,1320,,Solar Energy Capacity,2,Vault,true,false,false,4,15,,6,6,13,6,26,2,59,0,6,6,13,6,26,2,59,0,combatstyle,,Upgrade Armor*,*,*,*,*,,,,,,,,,,
Iron Forerunner Hood,2217519207,"""6917529487834385485""",,Legendary,Helmet,ironbanner,Warlock,1320,,Solar Energy Capacity,3,Vault,true,false,false,4,15,,2,14,16,6,10,13,61,0,2,14,16,6,10,13,61,0,combatstyle,,Upgrade Armor*,*,*,*,*,Iron Lord's Pride*,,,,,,,,,
Apotheosis Veil,1096253259,"""6917529203774996984""",,Exotic,Helmet,,Warlock,1100,,Arc Energy Capacity,1,Vault,true,false,false,1,3,,14,8,10,20,2,9,63,0,14,8,10,20,2,9,63,0,combatstyle,,Change Energy Type*,*,,*,*,*,Insatiable*,,,,,,,,
Wild Hunt Boots,197764097,"""6917529490778442170""",infuse,Legendary,Leg Armor,seasonpass,Warlock,1329,,Arc Energy Capacity,1,Vault,true,false,false,4,12,,6,12,6,12,6,6,48,0,6,12,6,12,6,6,48,0,combatstyle,,Change Energy Type*,*,*,*,*,,,,,,,,,,
Sunbracers,3787517196,"""6917529204880509907""",,Exotic,Gauntlets,,Warlock,1100,,Solar Energy Capacity,1,Vault,true,false,false,1,1,,3,19,11,20,8,2,63,0,3,19,11,20,8,2,63,0,combatstyle,,Change Energy Type*,*,*,*,*,Helium Spirals*,,,,,,,,,
Skull of Dire Ahamkara,1030017949,"""6917529468980516584""",,Exotic,Helmet,,Warlock,1320,,Solar Energy Capacity,5,Vault,true,false,false,1,1,,16,15,3,8,11,10,63,0,16,15,3,8,11,10,63,0,combatstyle,,Upgrade Armor*,*,*,*,*,Actual Grandeur*,,,,,,,,,
Lightkin Mask,30472172,"""6917529377610371811""",,Legendary,Helmet,servitor,Hunter,1320,,Void Energy Capacity,10,Vault,true,false,false,4,14,,4,4,42,4,12,19,85,42,2,2,30,2,10,17,63,42,combatstyle,,Recovery Mod*,Sniper Rifle Ammo Finder*,Sword Ammo Finder*,Upgrade Armor*,*,*,*,*,Solstice Mask (Magnificent)*,,,,,,
Eye of Another World,3381022970,"""6917529359824391519""",,Exotic,Helmet,,Warlock,1310,,Void Energy Capacity,1,Vault,true,false,false,1,1,,19,11,4,11,18,2,65,0,19,11,4,11,18,2,65,0,combatstyle,,Change Energy Type*,*,*,*,*,Cerebral Uplink*,,,,,,,,,
Skull of Dire Ahamkara,1030017949,"""6917529472815356277""",,Exotic,Helmet,,Warlock,1325,,Void Energy Capacity,2,Vault,true,false,false,1,1,,20,3,11,6,16,8,64,0,20,3,11,6,16,8,64,0,combatstyle,,Upgrade Armor*,*,*,*,*,Actual Grandeur*,,,,,,,,,
Claws of Ahamkara,3288917178,"""6917529482102550336""",,Exotic,Gauntlets,,Warlock,1327,,Solar Energy Capacity,1,Vault,true,false,false,1,3,,14,14,4,7,2,24,65,0,14,14,4,7,2,24,65,0,combatstyle,,Change Energy Type*,*,*,*,*,The Whispers*,,,,,,,,,
Iron Fellowship Casque,3624199242,"""6917529203257385848""",,Legendary,Helmet,ironbanner,Hunter,1310,,Void Energy Capacity,10,Vault,true,false,false,3,11,,28,4,18,16,8,12,86,38,16,2,16,14,6,10,64,38,combatstyle,,Mobility Mod*,Pulse Rifle Targeting*,Shotgun Targeting*,Oiled Algae*,Upgrade Armor*,*,*,*,*,Kairos Function Mask*,,,,,
Verity's Brow,2428181146,"""6917529452847897703""",,Exotic,Helmet,,Warlock,1320,,Stasis Cost,1,Vault,true,false,false,1,3,,18,6,9,18,2,11,64,0,18,6,9,18,2,11,64,0,combatstyle,,Change Energy Type*,*,*,*,*,The Fourth Magic*,,,,,,,,,
Lightkin Cover,1245678091,"""6917529458499015447""",,Legendary,Helmet,servitor,Warlock,1319,,Solar Energy Capacity,2,Vault,true,false,false,4,14,,6,2,23,10,13,7,61,0,6,2,23,10,13,7,61,0,combatstyle,,Upgrade Armor*,*,*,*,*,,,,,,,,,,
Pyrrhic Ascent Boots,469005214,"""6917529483529768899""",,Legendary,Leg Armor,trials,Warlock,1308,,Void Energy Capacity,3,Vault,true,false,false,4,14,,10,2,19,7,6,16,60,0,10,2,19,7,6,16,60,0,combatstyle,,Upgrade Armor*,*,*,*,*,,,,,,,,,,
Lightkin Boots,1248864692,"""6917529479127607816""",,Legendary,Leg Armor,servitor,Warlock,1320,,Void Energy Capacity,3,Vault,true,false,false,4,14,,2,7,19,7,22,2,59,0,2,7,19,7,22,2,59,0,combatstyle,,Upgrade Armor*,*,*,*,*,,,,,,,,,,
Holdfast Cover,1173249516,"""6917529196447099706""",,Legendary,Helmet,seasonpass,Warlock,1309,,Solar Energy Capacity,9,Vault,true,false,false,3,11,,8,10,24,11,14,6,73,0,8,10,14,11,14,6,63,0,combatstyle,,Recovery Mod*,Rocket Launcher Ammo Finder*,New Age Black Armory*,Upgrade Armor*,*,*,*,*,Prodigal Hood*,,,,,,
Getaway Artist,3084282676,"""6917529369872296619""",,Exotic,Gauntlets,,Warlock,1309,,Solar Energy Capacity,1,Vault,true,false,false,2,6,,6,16,11,12,2,15,62,0,6,16,11,12,2,15,62,0,combatstyle,,Change Energy Type*,*,*,*,*,Dynamic Duo*,,,,,,,,,
Lightkin Boots,1248864692,"""6917529479114448654""",,Legendary,Leg Armor,servitor,Warlock,1320,,Arc Energy Capacity,1,Vault,true,false,false,4,14,,16,7,8,15,8,8,62,0,16,7,8,15,8,8,62,0,combatstyle,,Change Energy Type*,*,*,*,*,,,,,,,,,,
Channeling Cowl (CODA),2602907742,"""6917529472693145069""",,Legendary,Helmet,dungeon,Warlock,1320,,Solar Energy Capacity,2,Vault,true,false,false,3,11,,14,2,15,6,14,12,63,0,14,2,15,6,14,12,63,0,combatstyle,,Upgrade Armor*,*,*,*,*,,,,,,,,,,
Pyrrhic Ascent Boots,469005214,"""6917529485176393444""",,Legendary,Leg Armor,trials,Warlock,1320,,Solar Energy Capacity,1,Vault,true,false,false,4,14,,2,14,17,13,7,10,63,0,2,14,17,13,7,10,63,0,combatstyle,,Change Energy Type*,*,*,*,*,,,,,,,,,,
Verity's Brow,2428181146,"""6917529452851536994""",,Exotic,Helmet,,Warlock,1320,,Void Energy Capacity,4,Vault,true,false,false,1,3,,6,9,17,8,18,6,64,0,6,9,17,8,18,6,64,0,combatstyle,,Upgrade Armor*,*,*,*,*,The Fourth Magic*,,,,,,,,,
The Stag,2177524718,"""6917529339570592224""",,Exotic,Helmet,,Warlock,1318,,Void Energy Capacity,8,Vault,true,false,false,1,2,,6,9,18,24,14,-8,63,0,6,9,18,14,14,2,63,0,combatstyle,,Discipline Mod*,Linear Fusion Rifle Ammo Finder*,Protective Light*,Upgrade Armor*,*,,*,,*,,*,Dearly Departed*,,,
Iron Forerunner Boots,2247299560,"""6917529487870069990""",,Legendary,Leg Armor,ironbanner,Warlock,1320,,Arc Energy Capacity,5,Vault,true,false,false,4,15,,10,12,10,7,14,10,63,0,10,12,10,7,14,10,63,0,combatstyle,,Upgrade Armor*,*,*,*,*,Iron Lord's Pride*,,,,,,,,,
Helm of Saint-14,106575079,"""6917529471176643151""",,Exotic,Helmet,,Titan,1320,,Void Energy Capacity,1,Vault,true,false,false,1,2,,2,19,11,6,17,7,62,0,2,19,11,6,17,7,62,0,combatstyle,,Change Energy Type*,*,*,*,*,Starless Night*,,,,,,,,,
Insight Vikti Hood,597618504,"""6917529481968627395""",junk,Legendary,Helmet,legendaryengram,Warlock,1327,,Arc Energy Capacity,1,Vault,true,false,false,3,11,,2,20,10,10,12,9,63,0,2,20,10,10,12,9,63,0,combatstyle,,Change Energy Type*,*,*,*,*,,,,,,,,,,
Moonfang-X7 Crown,2288398391,"""6917529472655113732""",,Legendary,Helmet,dungeon,Warlock,1320,,Void Energy Capacity,2,Vault,true,false,false,3,11,,2,14,15,9,16,7,63,0,2,14,15,9,16,7,63,0,combatstyle,,Upgrade Armor*,*,*,*,*,,,,,,,,,,
Pyrrhic Ascent Boots,469005214,"""6917529482087939333""",,Legendary,Leg Armor,trials,Warlock,1329,,Arc Energy Capacity,1,Vault,true,false,false,4,14,,8,12,13,10,12,7,62,0,8,12,13,10,12,7,62,0,combatstyle,,Change Energy Type*,*,*,*,*,,,,,,,,,,
Lunafaction Boots,4136768282,"""6917529466538183361""",,Exotic,Leg Armor,,Warlock,1323,,Solar Energy Capacity,5,Vault,true,false,false,1,1,,7,9,16,15,14,2,63,0,7,9,16,15,14,2,63,0,combatstyle,,Upgrade Armor*,*,*,*,*,Alchemical Etchings*,,,,,,,,,
Channeling Cowl (CODA),2602907742,"""6917529472655112209""",,Legendary,Helmet,dungeon,Warlock,1320,,Solar Energy Capacity,2,Vault,true,false,false,3,11,,6,10,17,10,18,2,63,0,6,10,17,10,18,2,63,0,combatstyle,,Upgrade Armor*,*,*,*,*,,,,,,,,,,
Moonfang-X7 Gloves,1361912510,"""6917529472683360691""",,Legendary,Gauntlets,dungeon,Warlock,1320,,Solar Energy Capacity,5,Vault,true,false,false,3,11,,2,2,23,2,27,2,58,0,2,2,23,2,27,2,58,0,combatstyle,,Upgrade Armor*,*,*,*,*,,,,,,,,,,
Insight Vikti Hood,597618504,"""6917529462819814213""",,Legendary,Helmet,legendaryengram,Warlock,1100,,Arc Energy Capacity,1,Vault,true,false,false,3,11,,7,2,20,2,19,9,59,0,7,2,20,2,19,9,59,0,combatstyle,,Change Energy Type*,*,*,*,*,,,,,,,,,,
Nezarec's Sin,3381022971,"""6917529200032467348""",,Exotic,Helmet,,Warlock,1311,,Void Energy Capacity,7,Vault,true,false,false,1,1,,18,15,9,17,10,6,75,0,8,15,9,17,10,6,65,0,combatstyle,,Mobility Mod*,Sword Ammo Finder*,Sword Ammo Finder*,Upgrade Armor*,*,,*,*,*,Abyssal Extractors*,,,,,
Pyrrhic Ascent Gloves,605724052,"""6917529485558111097""",,Legendary,Gauntlets,trials,Warlock,1320,,Stasis Cost,1,Vault,true,false,false,4,14,,16,6,12,2,13,17,66,0,16,6,12,2,13,17,66,0,combatstyle,,Change Energy Type*,*,*,*,*,,,,,,,,,,
Thorium Holt Hood,1592984110,"""6917529463970983223""",,Legendary,Helmet,legendaryengram,Warlock,1323,,Stasis Cost,2,Vault,true,false,false,4,13,,13,6,12,18,13,2,64,0,13,6,12,18,13,2,64,0,combatstyle,,Upgrade Armor*,*,*,*,*,,,,,,,,,,
Channeling Treads (CODA),2022923313,"""6917529484409215412""",,Legendary,Leg Armor,dungeon,Warlock,1328,,Solar Energy Capacity,3,Vault,true,false,false,3,11,,6,6,18,6,2,24,62,0,6,6,18,6,2,24,62,0,combatstyle,,Upgrade Armor*,*,*,*,*,,,,,,,,,,
Cinder Pinion Cover,1346827258,"""6917529460162581953""",,Legendary,Helmet,crucible,Warlock,1322,,Void Energy Capacity,1,Vault,true,false,false,4,14,,12,7,14,6,19,6,64,0,12,7,14,6,19,6,64,0,combatstyle,,Change Energy Type*,*,*,*,*,,,,,,,,,,
Philomath Boots,3084633087,"""6917529484560180676""",,Legendary,Leg Armor,legendaryengram,Warlock,1328,,Void Energy Capacity,1,Vault,true,false,false,4,12,,2,7,19,11,18,2,59,0,2,7,19,11,18,2,59,0,combatstyle,,Change Energy Type*,*,*,*,*,,,,,,,,,,
Tesseract Trace IV,1655109893,"""6917529463818323095""",,Legendary,Leg Armor,legendaryengram,Warlock,1322,,Solar Energy Capacity,1,Vault,true,false,false,3,11,,15,10,7,17,11,2,62,0,15,10,7,17,11,2,62,0,combatstyle,,Change Energy Type*,*,*,*,*,,,,,,,,,,
Philomath Cover,1196270212,"""6917529484665754890""",junk,Legendary,Helmet,legendaryengram,Warlock,1328,,Solar Energy Capacity,1,Vault,true,false,false,4,12,,16,8,7,9,14,6,60,0,16,8,7,9,14,6,60,0,combatstyle,,Change Energy Type*,*,*,*,*,,,,,,,,,,
Holdfast Gloves,327547301,"""6917529463814040621""",,Legendary,Gauntlets,seasonpass,Warlock,1322,,Void Energy Capacity,1,Vault,true,false,false,3,11,,8,9,13,2,16,12,60,0,8,9,13,2,16,12,60,0,combatstyle,,Change Energy Type*,*,*,*,*,,,,,,,,,,
Gloves of the Great Hunt,3492720019,"""6917529199726371469""",,Legendary,Gauntlets,lastwish,Warlock,1100,,Arc Energy Capacity,1,Vault,true,false,false,3,11,,17,2,10,17,12,2,60,0,17,2,10,17,12,2,60,0,combatstyle,,Change Energy Type*,*,*,*,*,,,,,,,,,,
Necrotic Grip,2780717641,"""6917529486971077510""",,Exotic,Gauntlets,lostsectors,Warlock,1328,,Arc Energy Capacity,1,Vault,true,false,false,4,12,,11,2,17,2,8,19,59,0,11,2,17,2,8,19,59,0,combatstyle,,Change Energy Type*,*,*,*,*,Grasp of the Devourer*,,,,,,,,,
Pathfinder's Robe,2259629899,"""6917529480186043382""",,Legendary,Chest Armor,,Warlock,1320,,Void Energy Capacity,4,Vault,true,false,false,4,15,,2,12,15,2,21,9,61,0,2,12,15,2,21,9,61,0,combatstyle,,Upgrade Armor*,*,*,*,*,,,,,,,,,,
Nothing Manacles,300502917,"""6917529473582415798""",,Exotic,Gauntlets,lostsectors,Warlock,1325,,Stasis Cost,3,Vault,true,false,false,4,15,,7,9,16,14,7,7,60,0,7,9,16,14,7,7,60,0,combatstyle,,Upgrade Armor*,*,*,*,*,Scatter Charge*,,,,,,,,,
Winter's Guile,3844826443,"""6917529484549170993""",,Exotic,Gauntlets,,Warlock,1328,,Arc Energy Capacity,6,Vault,true,false,false,1,1,,7,17,9,10,12,12,67,0,7,17,9,10,12,12,67,0,combatstyle,,Unstoppable Fusion Rifles*,Upgrade Armor*,*,*,*,*,Warlord's Sigil*,,,,,,,,
Knucklehead Radar,1321354572,"""6917529203563806436""",,Exotic,Helmet,,Hunter,1100,,Void Energy Capacity,9,Vault,true,false,false,1,1,,19,3,14,2,14,13,65,42,14,3,14,2,14,13,60,42,combatstyle,,Minor Mobility Mod*,Hand Cannon Targeting*,Taking Charge*,Jacarina*,Upgrade Armor*,*,*,*,*,Upgraded Sensor Pack*,,,,,
Praefectus Boots,2804094976,"""6917529299710954642""",,Legendary,Leg Armor,seasonpass,Warlock,1266,,Void Energy Capacity,6,Vault,true,false,false,4,13,,2,22,10,12,9,12,67,0,2,22,10,12,9,12,67,0,combatstyle,,Rocket Launcher Scavenger*,Rocket Launcher Scavenger*,Vintage Timber*,Upgrade Armor*,*,*,*,*,Siegebreak Boots*,,,,,,
Philomath Gloves,760584029,"""6917529483523995342""",,Legendary,Gauntlets,legendaryengram,Warlock,1328,,Solar Energy Capacity,2,Vault,true,false,false,4,12,,10,6,14,9,11,9,59,0,10,6,14,9,11,9,59,0,combatstyle,,Upgrade Armor*,*,*,*,*,,,,,,,,,,
Scorned Baron Robes,4214131061,"""6917529482107216591""",junk,Legendary,Chest Armor,tangled,Warlock,1328,,Stasis Cost,2,Vault,true,false,false,4,12,,7,16,2,11,10,6,52,0,7,16,2,11,10,6,52,0,combatstyle,,Upgrade Armor*,*,*,*,*,,,,,,,,,,
Mantle of Battle Harmony,3301944824,"""6917529480030425115""",,Exotic,Chest Armor,lostsectors,Warlock,1326,,Arc Energy Capacity,4,Vault,true,false,false,4,13,,7,9,25,16,16,2,75,0,7,9,15,16,16,2,65,0,combatstyle,,Recovery Mod*,Precursor Vex Chrome*,Upgrade Armor*,*,*,*,*,Absorption Cells*,,,,,,,
Moonfang-X7 Crown,2288398391,"""6917529490908676408""",,Legendary,Helmet,dungeon,Warlock,1330,,Stasis Cost,2,Vault,true,true,false,3,11,,2,23,6,9,18,2,60,0,2,23,6,9,18,2,60,0,combatstyle,,Upgrade Armor*,*,*,*,*,,,,,,,,,,
Moonfang-X7 Crown,2288398391,"""6917529472688813517""",,Legendary,Helmet,dungeon,Warlock,1320,,Stasis Cost,1,Vault,true,false,false,3,11,,2,12,17,20,2,7,60,0,2,12,17,20,2,7,60,0,combatstyle,,Change Energy Type*,*,*,*,*,,,,,,,,,,
Channeling Cowl (CODA),2602907742,"""6917529472697835525""",,Legendary,Helmet,dungeon,Warlock,1320,,Solar Energy Capacity,3,Vault,true,false,false,3,11,,12,2,17,15,8,9,63,0,12,2,17,15,8,9,63,0,combatstyle,,Upgrade Armor*,*,*,*,*,,,,,,,,,,
Winter's Guile,3844826443,"""6917529366215401521""",,Exotic,Gauntlets,,Warlock,1311,,Void Energy Capacity,1,Vault,true,false,false,1,1,,2,24,8,20,2,9,65,0,2,24,8,20,2,9,65,0,combatstyle,,Change Energy Type*,*,*,*,*,Warlord's Sigil*,,,,,,,,,
Moonfang-X7 Boots,1781294872,"""6917529472697835565""",,Legendary,Leg Armor,dungeon,Warlock,1320,,Stasis Cost,4,Vault,true,false,false,3,11,,7,2,20,16,12,2,59,0,7,2,20,16,12,2,59,0,combatstyle,,Upgrade Armor*,*,*,*,*,,,,,,,,,,
Ego Talon IV,1390681142,"""6917529486271436546""",junk,Legendary,Chest Armor,ikora,Warlock,1328,,Stasis Cost,5,Vault,true,false,false,0,,,17,7,2,14,11,2,53,0,17,7,2,14,11,2,53,0,combatstyle,,Upgrade Armor*,*,*,*,*,,,,,,,,,,
Vesper of Radius,1725917554,"""6917529482953477557""",,Exotic,Chest Armor,,Warlock,1320,,Arc Energy Capacity,1,Vault,true,false,false,1,2,,2,14,17,17,2,11,63,0,2,14,17,17,2,11,63,0,combatstyle,,Change Energy Type*,*,*,*,*,Planetary Torrent*,,,,,,,,,
Iron Forerunner Vestments,1821747970,"""6917529487834385412""",,Legendary,Chest Armor,ironbanner,Warlock,1320,,Stasis Cost,1,Vault,true,false,false,4,15,,2,6,26,7,16,9,66,0,2,6,26,7,16,9,66,0,combatstyle,,Change Energy Type*,*,*,*,*,Iron Lord's Pride*,,,,,,,,,
Pathfinder's Robe,2259629899,"""6917529486464723714""",,Legendary,Chest Armor,,Warlock,1320,,Void Energy Capacity,2,Vault,true,false,false,4,15,,2,8,21,2,21,9,63,0,2,8,21,2,21,9,63,0,combatstyle,,Upgrade Armor*,*,*,*,*,,,,,,,,,,
Moonfang-X7 Boots,1781294872,"""6917529472688817092""",,Legendary,Leg Armor,dungeon,Warlock,1320,,Void Energy Capacity,1,Vault,true,false,false,3,11,,2,18,10,10,12,12,64,0,2,18,10,10,12,12,64,0,combatstyle,,Change Energy Type*,*,*,*,*,,,,,,,,,,
Moonfang-X7 Crown,2288398391,"""6917529460128218224""",,Legendary,Helmet,dungeon,Warlock,1320,,Stasis Cost,2,Vault,true,false,false,3,11,,15,14,2,2,18,13,64,0,15,14,2,2,18,13,64,0,combatstyle,,Upgrade Armor*,*,*,*,*,,,,,,,,,,
Channeling Cowl (CODA),2602907742,"""6917529460122812397""",,Legendary,Helmet,dungeon,Warlock,1320,,Stasis Cost,2,Vault,true,false,false,3,11,,2,15,14,8,19,6,64,0,2,15,14,8,19,6,64,0,combatstyle,,Upgrade Armor*,*,*,*,*,,,,,,,,,,
Iron Forerunner Hood,2217519207,"""6917529454347559155""",,Legendary,Helmet,ironbanner,Warlock,1322,,Solar Energy Capacity,2,Vault,true,false,false,4,15,,6,13,11,2,22,6,60,0,6,13,11,2,22,6,60,0,combatstyle,,Upgrade Armor*,*,*,*,*,Iron Lord's Pride*,,,,,,,,,
Pyrrhic Ascent Hood,4161591237,"""6917529466092644198""",,Legendary,Helmet,trials,Warlock,1323,,Arc Energy Capacity,1,Vault,true,false,false,4,14,,16,9,8,10,12,9,64,0,16,9,8,10,12,9,64,0,combatstyle,,Change Energy Type*,*,*,*,*,,,,,,,,,,
Iron Forerunner Vestments,1821747970,"""6917529487870064480""",,Legendary,Chest Armor,ironbanner,Warlock,1320,,Solar Energy Capacity,1,Vault,true,false,false,4,15,,11,2,17,19,2,11,62,0,11,2,17,19,2,11,62,0,combatstyle,,Change Energy Type*,*,*,*,*,Iron Lord's Pride*,,,,,,,,,
Moonfang-X7 Crown,2288398391,"""6917529458855285019""",,Legendary,Helmet,dungeon,Warlock,1323,,Void Energy Capacity,2,Vault,true,false,false,3,11,,2,12,16,9,12,12,63,0,2,12,16,9,12,12,63,0,combatstyle,,Upgrade Armor*,*,*,*,*,,,,,,,,,,
Channeling Robes (CODA),1652467433,"""6917529472648556049""",,Legendary,Chest Armor,dungeon,Warlock,1320,,Solar Energy Capacity,1,Vault,true,false,false,3,11,,2,18,12,13,8,8,61,0,2,18,12,13,8,8,61,0,combatstyle,,Change Energy Type*,*,*,*,*,,,,,,,,,,
Tangled Web Gloves,2944042669,"""6917529480121086675""",junk,Legendary,Gauntlets,legendaryengram,Warlock,1328,,Solar Energy Capacity,1,Vault,true,false,false,4,15,,2,11,13,7,17,2,52,0,2,11,13,7,17,2,52,0,combatstyle,,Change Energy Type*,*,*,*,*,,,,,,,,,,
Praefectus Gloves,3245065734,"""6917529297253192955""",,Legendary,Gauntlets,seasonpass,Warlock,1196,,Void Energy Capacity,6,Vault,true,false,false,4,13,,7,20,6,6,19,8,66,0,7,20,6,6,19,8,66,0,combatstyle,,Upgrade Armor*,*,*,*,*,,,,,,,,,,
Iron Forerunner Gloves,164221422,"""6917529453288042372""",,Legendary,Gauntlets,ironbanner,Warlock,1317,,Solar Energy Capacity,1,Vault,true,false,false,4,15,,8,2,22,12,9,11,64,0,8,2,22,12,9,11,64,0,combatstyle,,Change Energy Type*,*,*,*,*,Iron Lord's Pride*,,,,,,,,,
Astrocyte Verse,3948284065,"""6917529342665899041""",,Exotic,Helmet,,Warlock,1300,,Void Energy Capacity,1,Vault,true,false,false,2,7,,11,8,12,2,7,20,60,0,11,8,12,2,7,20,60,0,combatstyle,,Change Energy Type*,*,,*,,*,,*,,Move to Survive*,,,,,
Wild Hunt Hood,251310542,"""6917529490796850732""",infuse,Legendary,Helmet,seasonpass,Warlock,1329,,Arc Energy Capacity,1,Vault,true,false,false,4,12,,6,12,6,6,12,6,48,0,6,12,6,6,12,6,48,0,combatstyle,,Change Energy Type*,*,*,*,*,,,,,,,,,,
Legacy's Oath Gloves,79460168,"""6917529490730155367""",,Legendary,Gauntlets,deepstonecrypt,Warlock,1329,,Solar Energy Capacity,1,Vault,true,false,false,4,12,,2,16,11,9,16,7,61,0,2,16,11,9,16,7,61,0,"combatstyle,deepstonecrypt",,Change Energy Type*,*,*,*,*,,,,,,,,,,
Pathfinder's Wraps,743529557,"""6917529462824704505""",,Legendary,Gauntlets,,Warlock,1319,,Arc Energy Capacity,2,Vault,true,false,false,4,15,,2,6,26,8,13,8,63,0,2,6,26,8,13,8,63,0,combatstyle,,Upgrade Armor*,*,*,*,*,,,,,,,,,,
Wild Hunt Gloves,1276513983,"""6917529490796843531""",infuse,Legendary,Gauntlets,seasonpass,Warlock,1329,,Arc Energy Capacity,1,Vault,true,false,false,4,12,,12,6,6,6,6,12,48,0,12,6,6,6,6,12,48,0,combatstyle,,Change Energy Type*,*,*,*,*,,,,,,,,,,
Iron Forerunner Gloves,164221422,"""6917529454487344909""",,Legendary,Gauntlets,ironbanner,Warlock,1319,,Arc Energy Capacity,2,Vault,true,false,false,4,15,,7,13,12,2,21,9,64,0,7,13,12,2,21,9,64,0,combatstyle,,Upgrade Armor*,*,*,*,*,Iron Lord's Pride*,,,,,,,,,
Moonfang-X7 Gloves,1361912510,"""6917529463132233247""",,Legendary,Gauntlets,dungeon,Warlock,1320,,Stasis Cost,2,Vault,true,false,false,3,11,,24,2,6,2,20,6,60,0,24,2,6,2,20,6,60,0,combatstyle,,Upgrade Armor*,*,*,*,*,,,,,,,,,,
Pyrrhic Ascent Gloves,605724052,"""6917529466549579461""",,Legendary,Gauntlets,trials,Warlock,1323,,Void Energy Capacity,2,Vault,true,false,false,4,14,,6,9,18,10,12,9,64,0,6,9,18,10,12,9,64,0,combatstyle,,Upgrade Armor*,*,*,*,*,,,,,,,,,,
Iron Truage Vestments,459833058,"""6917529359805991099""",,Legendary,Chest Armor,ironbanner,Warlock,1309,,Void Energy Capacity,6,Vault,true,false,false,4,13,,7,10,23,13,7,12,72,0,7,10,13,13,7,12,62,0,combatstyle,,Recovery Mod*,Abyssinian Gold*,Upgrade Armor*,*,*,*,*,Duster of the Cormorant Blade*,,,,,,,
Crown of Tempests,3381022969,"""6917529359724154286""",,Exotic,Helmet,,Warlock,1309,,Void Energy Capacity,1,Vault,true,false,false,1,1,,3,14,16,2,15,14,64,0,3,14,16,2,15,14,64,0,combatstyle,,Change Energy Type*,*,*,*,*,Conduction Tines*,,,,,,,,,
Pathfinder's Robe,2259629899,"""6917529459896392122""",,Legendary,Chest Armor,,Warlock,1320,,Void Energy Capacity,2,Vault,true,false,false,4,15,,2,7,23,2,10,17,61,0,2,7,23,2,10,17,61,0,combatstyle,,Upgrade Armor*,*,*,*,*,,,,,,,,,,
Holdfast Robes,119457531,"""6917529196447100136""",,Legendary,Chest Armor,seasonpass,Warlock,1307,,Solar Energy Capacity,9,Vault,true,false,false,3,11,,7,7,28,6,19,8,75,0,7,7,18,6,19,8,65,0,combatstyle,,Recovery Mod*,Rocket Launcher Reserves*,Carbon Blood*,Upgrade Armor*,*,*,*,*,Wing Theorem*,,,,,,
Insight Vikti Robes,2364041279,"""6917529467527571994""",,Legendary,Chest Armor,legendaryengram,Warlock,1323,,Stasis Cost,1,Vault,true,false,false,3,11,,9,18,2,2,23,7,61,0,9,18,2,2,23,7,61,0,combatstyle,,Change Energy Type*,*,*,*,*,,,,,,,,,,
Holdfast Robes,119457531,"""6917529359666514522""",,Legendary,Chest Armor,seasonpass,Warlock,1301,,Solar Energy Capacity,1,Vault,true,false,false,3,11,,2,20,11,2,21,8,64,0,2,20,11,2,21,8,64,0,combatstyle,,Change Energy Type*,*,*,*,*,,,,,,,,,,
Sunbracers,3787517196,"""6917529460254402393""",,Exotic,Gauntlets,,Warlock,1322,,Arc Energy Capacity,9,Vault,true,false,false,1,1,,3,25,7,14,13,2,64,0,3,25,7,14,13,2,64,0,combatstyle,,Momentum Transfer*,Unstoppable Fusion Rifles*,Amrita's Dream*,Upgrade Armor*,*,*,*,*,Helium Spirals*,,,,,,
Pyrrhic Ascent Boots,469005214,"""6917529469489089015""",,Legendary,Leg Armor,trials,Warlock,1324,,Stasis Cost,2,Vault,true,false,false,4,14,,11,2,17,18,12,2,62,0,11,2,17,18,12,2,62,0,combatstyle,,Cobalt Clash*,Upgrade Armor*,*,*,*,*,,,,,,,,,
Pyrrhic Ascent Boots,469005214,"""6917529467872095162""",,Legendary,Leg Armor,trials,Warlock,1323,,Void Energy Capacity,2,Vault,true,false,false,4,14,,9,7,15,2,12,15,60,0,9,7,15,2,12,15,60,0,combatstyle,,Upgrade Armor*,*,*,*,*,,,,,,,,,,
Philomath Boots,3084633087,"""6917529468708896918""",,Legendary,Leg Armor,legendaryengram,Warlock,1324,,Solar Energy Capacity,3,Vault,true,false,false,4,12,,8,16,9,8,17,6,64,0,8,16,9,8,17,6,64,0,combatstyle,,Upgrade Armor*,*,*,*,*,,,,,,,,,,
Lightkin Boots,1248864692,"""6917529459938433518""",,Legendary,Leg Armor,servitor,Warlock,1320,,Arc Energy Capacity,1,Vault,true,false,false,4,14,,2,18,9,2,2,30,63,0,2,18,9,2,2,30,63,0,combatstyle,,Change Energy Type*,*,*,*,*,,,,,,,,,,
Pathfinder's Pants,2319651767,"""6917529462824703402""",,Legendary,Leg Armor,,Warlock,1320,,Stasis Cost,4,Vault,true,false,false,4,15,,2,8,23,2,19,7,61,0,2,8,23,2,19,7,61,0,combatstyle,,Upgrade Armor*,*,*,*,*,,,,,,,,,,
Iron Truage Legs,2351038408,"""6917529404196773996""",,Legendary,Leg Armor,ironbanner,Warlock,1317,,Arc Energy Capacity,8,Vault,true,false,false,4,13,,2,6,33,20,2,9,72,0,2,6,23,20,2,9,62,0,combatstyle,,Recovery Mod*,Shotgun Scavenger*,Upgrade Armor*,*,*,*,*,,,,,,,,
Wings of Sacred Dawn,370930766,"""6917529473424017714""",,Exotic,Chest Armor,,Warlock,1325,,Stasis Cost,1,Vault,true,false,false,1,1,,16,2,15,2,20,10,65,0,16,2,15,2,20,10,65,0,combatstyle,,Change Energy Type*,*,*,*,*,Tome of Dawn*,,,,,,,,,
Iron Forerunner Gloves,164221422,"""6917529489874578912""",,Legendary,Gauntlets,ironbanner,Warlock,1320,,Solar Energy Capacity,3,Vault,true,false,false,4,15,,14,2,12,15,14,2,59,0,14,2,12,15,14,2,59,0,combatstyle,,Upgrade Armor*,*,*,*,*,Iron Lord's Pride*,,,,,,,,,
Philomath Gloves,760584029,"""6917529489874577875""",,Legendary,Gauntlets,legendaryengram,Warlock,1329,,Stasis Cost,3,Vault,true,false,false,4,12,,14,9,7,17,6,7,60,0,14,9,7,17,6,7,60,0,combatstyle,,Upgrade Armor*,*,*,*,*,,,,,,,,,,
Ophidian Aspect,3627185503,"""6917529415019166451""",,Exotic,Gauntlets,,Warlock,1327,,Stasis Cost,9,Vault,true,false,false,1,2,,3,15,17,6,15,10,66,0,3,10,17,6,15,10,61,0,combatstyle,,Minor Resilience Mod*,Grenade Kickstart*,Melee Kickstart*,Jacarina*,Upgrade Armor*,*,,*,,*,,*,,Caduceus*,Cobra Totemic*
Insight Vikti Hood,597618504,"""6917529489061289970""",infuse,Legendary,Helmet,legendaryengram,Warlock,1329,,Arc Energy Capacity,5,Vault,true,false,false,3,11,,2,7,20,20,6,2,57,0,2,7,20,20,6,2,57,0,combatstyle,,Upgrade Armor*,*,*,*,*,,,,,,,,,,
Ancient Apocalypse Hood,754069623,"""6917529489672991339""",,Legendary,Helmet,drifter,Warlock,1100,,Arc Energy Capacity,1,Vault,true,false,false,3,11,,2,12,18,12,14,6,64,0,2,12,18,12,14,6,64,0,combatstyle,,Gambit Leather*,Change Energy Type*,*,*,*,*,,,,,,,,,
Thorium Holt Hood,1592984110,"""6917529489869474633""",,Legendary,Helmet,legendaryengram,Warlock,1329,,Solar Energy Capacity,1,Vault,true,false,false,4,13,,24,2,7,8,19,2,62,0,24,2,7,8,19,2,62,0,combatstyle,,Change Energy Type*,*,*,*,*,,,,,,,,,,
Contraverse Hold,1906093346,"""6917529202151970643""",,Exotic,Gauntlets,,Warlock,1100,,Stasis Cost,9,Vault,true,false,false,2,4,,10,9,12,14,6,15,66,0,10,9,12,9,6,15,61,0,combatstyle,,Minor Discipline Mod*,Grenade Kickstart*,Grenade Kickstart*,Oiled Algae*,Upgrade Armor*,*,,*,,*,,*,Chaotic Exchanger*,,
Verity's Brow,2428181146,"""6917529489483804336""",,Exotic,Helmet,,Warlock,1329,,Stasis Cost,4,Vault,true,false,false,1,3,,8,16,10,7,22,2,65,0,8,16,10,7,22,2,65,0,combatstyle,,Upgrade Armor*,*,*,*,*,The Fourth Magic*,,,,,,,,,
Holdfast Boots,674876967,"""6917529481741976077""",junk,Legendary,Leg Armor,seasonpass,Warlock,1327,,Solar Energy Capacity,3,Vault,true,false,false,3,11,,9,7,14,2,11,17,60,0,9,7,14,2,11,17,60,0,combatstyle,,Upgrade Armor*,*,*,*,*,,,,,,,,,,
Wild Hunt Gloves,1276513983,"""6917529490791914661""",infuse,Legendary,Gauntlets,seasonpass,Warlock,1329,,Arc Energy Capacity,3,Vault,true,false,false,4,12,,11,13,2,6,7,13,52,0,11,13,2,6,7,13,52,0,combatstyle,,Upgrade Armor*,*,*,*,*,,,,,,,,,,
Pyrrhic Ascent Gloves,605724052,"""6917529485568211383""",,Legendary,Gauntlets,trials,Warlock,1308,,Void Energy Capacity,2,Vault,true,false,false,4,14,,16,2,14,19,2,12,65,0,16,2,14,19,2,12,65,0,combatstyle,,Upgrade Armor*,*,*,*,*,,,,,,,,,,
Winter's Guile,3844826443,"""6917529484665754752""",keep,Exotic,Gauntlets,,Warlock,1329,,Stasis Cost,2,Vault,true,false,false,1,1,,10,10,12,14,2,14,62,0,10,10,12,14,2,14,62,0,combatstyle,,Upgrade Armor*,*,*,*,*,Warlord's Sigil*,,,,,,,,,
Wild Hunt Gloves,1276513983,"""6917529490796849416""",infuse,Legendary,Gauntlets,seasonpass,Warlock,1329,,Arc Energy Capacity,1,Vault,true,false,false,4,12,,12,6,6,6,6,12,48,0,12,6,6,6,6,12,48,0,combatstyle,,Change Energy Type*,*,*,*,*,,,,,,,,,,
Apotheosis Veil,1096253259,"""6917529485239212661""",keep,Exotic,Helmet,,Warlock,1328,,Solar Energy Capacity,1,Vault,true,false,false,1,3,,13,3,18,2,20,12,68,0,13,3,18,2,20,12,68,0,combatstyle,,Change Energy Type*,*,*,*,*,Insatiable*,,,,,,,,,
Gloves of the Great Hunt,3492720019,"""6917529203941406725""",,Legendary,Gauntlets,lastwish,Warlock,1100,,Solar Energy Capacity,4,Vault,true,false,false,3,11,,9,8,25,18,2,10,72,0,9,8,15,18,2,10,62,0,combatstyle,,Recovery Mod*,Upgrade Armor*,*,*,*,*,,,,,,,,,
Chromatic Fire,4057299718,"""6917529369872296335""",,Exotic,Chest Armor,,Warlock,1310,,Solar Energy Capacity,2,Vault,true,false,false,2,4,,14,9,10,9,2,21,65,0,14,9,10,9,2,21,65,0,combatstyle,,Upgrade Armor*,*,*,*,*,Crystalline Transistor*,,,,,,,,,
Moonfang-X7 Robe,1658294130,"""6917529484437066238""",keep,Legendary,Chest Armor,dungeon,Warlock,1330,,Arc Energy Capacity,4,Vault,true,true,false,3,11,,10,12,9,6,24,2,63,0,10,12,9,6,24,2,63,0,combatstyle,,Upgrade Armor*,*,*,*,*,,,,,,,,,,
Wormgod Caress,1734844651,"""6917529482953475471""",,Exotic,Gauntlets,,Titan,1320,,Solar Energy Capacity,1,Vault,true,false,false,1,3,,2,11,20,23,8,2,66,0,2,11,20,23,8,2,66,0,combatstyle,,Change Energy Type*,*,*,*,*,Burning Fists*,,,,,,,,,
Winter's Guile,3844826443,"""6917529486946663352""",,Exotic,Gauntlets,,Warlock,1328,,Solar Energy Capacity,2,Vault,true,false,false,1,1,,9,6,18,15,2,13,63,0,9,6,18,15,2,13,63,0,combatstyle,,Upgrade Armor*,*,*,*,*,Warlord's Sigil*,,,,,,,,,
Necrotic Grip,2780717641,"""6917529464799816888""",,Exotic,Gauntlets,lostsectors,Warlock,1323,,Stasis Cost,8,Vault,true,false,false,4,12,,14,16,12,11,13,6,72,0,14,16,2,11,13,6,62,0,combatstyle,,Recovery Mod*,Melee Kickstart*,Oiled Algae*,Upgrade Armor*,*,*,*,*,Grasp of the Devourer*,,,,,,
Winter's Guile,3844826443,"""6917529486460097366""",,Exotic,Gauntlets,,Warlock,1328,,Stasis Cost,2,Vault,true,false,false,1,1,,2,2,30,7,6,17,64,0,2,2,30,7,6,17,64,0,combatstyle,,Upgrade Armor*,*,*,*,*,Warlord's Sigil*,,,,,,,,,
Ancient Apocalypse Boots,671423576,"""6917529489670041852""",,Legendary,Leg Armor,drifter,Warlock,1100,,Arc Energy Capacity,1,Vault,true,false,false,3,11,,16,8,6,12,14,6,62,0,16,8,6,12,14,6,62,0,combatstyle,,Gambit Leather*,Change Energy Type*,*,*,*,*,,,,,,,,,
Vesper of Radius,1725917554,"""6917529198434405077""",,Exotic,Chest Armor,,Warlock,1100,,Arc Energy Capacity,1,Vault,true,false,false,1,2,,9,9,16,11,18,2,65,0,9,9,16,11,18,2,65,0,combatstyle,,Change Energy Type*,*,*,,*,,*,Planetary Torrent*,,,,,,,
Holdfast Boots,674876967,"""6917529489575004077""",,Legendary,Leg Armor,seasonpass,Warlock,1329,,Void Energy Capacity,1,Vault,true,false,false,3,11,,9,13,8,9,6,16,61,0,9,13,8,9,6,16,61,0,combatstyle,,Change Energy Type*,*,*,*,*,,,,,,,,,,
Promethium Spur,235591051,"""6917529481220592040""",,Exotic,Leg Armor,,Warlock,1327,,Solar Energy Capacity,1,Vault,true,false,false,3,9,,10,8,13,7,17,6,61,0,10,8,13,7,17,6,61,0,combatstyle,,Change Energy Type*,*,*,*,*,Embers of Light*,,,,,,,,,
Tangled Web Robes,1452257107,"""6917529490956101271""",infuse,Legendary,Chest Armor,legendaryengram,Warlock,1330,,Stasis Cost,1,Vault,true,false,false,4,15,,7,6,12,7,8,15,55,0,7,6,12,7,8,15,55,0,combatstyle,,Change Energy Type*,*,*,*,*,,,,,,,,,,
Transversive Steps,138282166,"""6917529477949346271""",,Exotic,Leg Armor,,Warlock,1326,,Arc Energy Capacity,3,Vault,true,false,false,1,1,,14,9,11,10,7,12,63,0,14,9,11,10,7,12,63,0,combatstyle,,Upgrade Armor*,*,*,*,*,Strange Protractor*,,,,,,,,,
Praefectus Robes,2166974634,"""6917529490855616770""",infuse,Legendary,Chest Armor,seasonpass,Warlock,1330,,Void Energy Capacity,3,Vault,true,false,false,4,13,,12,2,10,7,11,7,49,0,12,2,10,7,11,7,49,0,combatstyle,,Upgrade Armor*,*,*,*,*,,,,,,,,,,
Channeling Treads (CODA),2022923313,"""6917529472286129384""",,Legendary,Leg Armor,dungeon,Warlock,1325,,Solar Energy Capacity,3,Vault,true,false,false,3,11,,19,2,11,10,16,6,64,0,19,2,11,10,16,6,64,0,combatstyle,,Upgrade Armor*,*,*,*,*,,,,,,,,,,
Wild Hunt Vestment,317220729,"""6917529490796844985""",infuse,Legendary,Chest Armor,seasonpass,Warlock,1329,,Arc Energy Capacity,1,Vault,true,false,false,4,12,,16,6,2,12,6,6,48,0,16,6,2,12,6,6,48,0,combatstyle,,Change Energy Type*,*,*,*,*,,,,,,,,,,
Ancient Apocalypse Robes,725297842,"""6917529489663297786""",,Legendary,Chest Armor,drifter,Warlock,1100,,Arc Energy Capacity,1,Vault,true,false,false,3,11,,2,15,16,2,26,2,63,0,2,15,16,2,26,2,63,0,combatstyle,,Gambit Leather*,Change Energy Type*,*,*,*,*,,,,,,,,,
Vesper of Radius,1725917554,"""6917529489663298663""",,Exotic,Chest Armor,,Warlock,1320,,Solar Energy Capacity,4,Vault,true,false,false,1,2,,7,14,14,13,16,2,66,0,7,14,14,13,16,2,66,0,combatstyle,,Upgrade Armor*,*,*,*,*,Planetary Torrent*,,,,,,,,,
Iron Forerunner Vestments,1821747970,"""6917529489575011722""",,Legendary,Chest Armor,ironbanner,Warlock,1320,,Void Energy Capacity,1,Vault,true,false,false,4,15,,8,15,7,16,16,2,64,0,8,15,7,16,16,2,64,0,combatstyle,,Change Energy Type*,*,*,*,*,Iron Lord's Pride*,,,,,,,,,
Wild Hunt Vestment,317220729,"""6917529490778449538""",infuse,Legendary,Chest Armor,seasonpass,Warlock,1329,,Arc Energy Capacity,1,Vault,true,false,false,4,12,,16,6,2,12,6,6,48,0,16,6,2,12,6,6,48,0,combatstyle,,Change Energy Type*,*,*,*,*,,,,,,,,,,
Starfire Protocol,2082483156,"""6917529488922179146""",,Exotic,Chest Armor,,Warlock,1329,,Solar Energy Capacity,2,Vault,true,false,false,1,1,,2,15,17,15,7,7,63,0,2,15,17,15,7,7,63,0,combatstyle,,Upgrade Armor*,*,*,*,*,Fusion Harness*,,,,,,,,,
Pyrrhic Ascent Gloves,605724052,"""6917529470475631365""",,Legendary,Gauntlets,trials,Warlock,1305,,Solar Energy Capacity,1,Vault,true,false,false,4,14,,7,8,14,9,20,2,60,0,7,8,14,9,20,2,60,0,combatstyle,,Change Energy Type*,*,*,*,*,,,,,,,,,,
Thorium Holt Gloves,2618290591,"""6917529472715070752""",,Legendary,Gauntlets,legendaryengram,Warlock,1325,,Void Energy Capacity,2,Vault,true,false,false,4,13,,12,12,10,7,2,20,63,0,12,12,10,7,2,20,63,0,combatstyle,,Upgrade Armor*,*,*,*,*,,,,,,,,,,
Lightkin Gloves,3862902650,"""6917529472795906743""",,Legendary,Gauntlets,servitor,Warlock,1320,,Arc Energy Capacity,2,Vault,true,false,false,4,14,,14,2,15,10,9,12,62,0,14,2,15,10,9,12,62,0,combatstyle,,Upgrade Armor*,*,*,*,*,,,,,,,,,,
Lightkin Gloves,3862902650,"""6917529472801142890""",,Legendary,Gauntlets,servitor,Warlock,1320,,Solar Energy Capacity,2,Vault,true,false,false,4,14,,2,2,24,10,20,2,60,0,2,2,24,10,20,2,60,0,combatstyle,,Upgrade Armor*,*,*,*,*,,,,,,,,,,
Insight Vikti Gloves,4239920089,"""6917529474994797055""",,Legendary,Gauntlets,legendaryengram,Warlock,1326,,Solar Energy Capacity,1,Vault,true,false,false,3,11,,7,13,10,15,2,14,61,0,7,13,10,15,2,14,61,0,combatstyle,,Change Energy Type*,*,*,*,*,,,,,,,,,,
Tesseract Trace IV,695071581,"""6917529477042126505""",,Legendary,Chest Armor,legendaryengram,Warlock,1326,,Solar Energy Capacity,3,Vault,true,false,false,3,11,,24,2,7,12,14,7,66,0,24,2,7,12,14,7,66,0,combatstyle,,Upgrade Armor*,*,*,*,*,,,,,,,,,,
Wild Hunt Boots,197764097,"""6917529490796851853""",infuse,Legendary,Leg Armor,seasonpass,Warlock,1329,,Arc Energy Capacity,1,Vault,true,false,false,4,12,,6,12,6,12,6,6,48,0,6,12,6,12,6,6,48,0,combatstyle,,Change Energy Type*,*,*,*,*,,,,,,,,,,
Phoenix Protocol,4057299719,"""6917529195715533189""",,Exotic,Chest Armor,,Warlock,1100,,Solar Energy Capacity,6,Vault,true,false,false,2,4,,10,8,15,8,24,6,71,0,10,8,15,8,14,6,61,0,combatstyle,,Intellect Mod*,Upgrade Armor*,*,,*,,*,,*,,Battle-Hearth*,,,,
Nezarec's Sin,3381022971,"""6917529397089001312""",,Exotic,Helmet,,Warlock,1310,,Void Energy Capacity,1,Vault,true,false,false,1,1,,10,3,23,12,13,7,68,0,10,3,23,12,13,7,68,0,combatstyle,,Change Energy Type*,*,,*,,*,,*,Abyssal Extractors*,,,,,,
Legacy's Oath Boots,756445218,"""6917529490720714819""",,Legendary,Leg Armor,deepstonecrypt,Warlock,1329,,Stasis Cost,1,Vault,true,false,false,4,12,,2,18,9,20,6,6,61,0,2,18,9,20,6,6,61,0,"combatstyle,deepstonecrypt",,Change Energy Type*,*,*,*,*,,,,,,,,,,
Scorned Baron Robes,4214131061,"""6917529472719746253""",,Legendary,Chest Armor,tangled,Warlock,1325,,Void Energy Capacity,2,Vault,true,false,false,4,12,,17,2,11,2,14,13,59,0,17,2,11,2,14,13,59,0,combatstyle,,Upgrade Armor*,*,*,*,*,,,,,,,,,,
Channeling Cowl (CODA),2602907742,"""6917529472673918944""",,Legendary,Helmet,dungeon,Warlock,1320,,Void Energy Capacity,1,Vault,true,false,false,3,11,,12,2,17,9,18,6,64,0,12,2,17,9,18,6,64,0,combatstyle,,Change Energy Type*,*,*,*,*,,,,,,,,,,
Aeon Soul,2950045886,"""6917529486952109930""",,Exotic,Gauntlets,,Warlock,1328,,Stasis Cost,3,Vault,true,false,false,1,2,,6,12,15,8,12,10,63,0,6,12,15,8,12,10,63,0,combatstyle,,Upgrade Armor*,*,*,*,*,Sect of Force*,,,,,,,,,
Pyrrhic Ascent Boots,469005214,"""6917529486428933818""",,Legendary,Leg Armor,trials,Warlock,1308,,Void Energy Capacity,5,Vault,true,false,false,4,14,,7,2,21,12,7,12,61,0,7,2,21,12,7,12,61,0,combatstyle,,Upgrade Armor*,*,*,*,*,,,,,,,,,,
Pyrrhic Ascent Hood,4161591237,"""6917529482959178874""",,Legendary,Helmet,trials,Warlock,1308,,Solar Energy Capacity,2,Vault,true,false,false,4,14,,15,8,8,6,22,6,65,0,15,8,8,6,22,6,65,0,combatstyle,,Upgrade Armor*,*,*,*,*,,,,,,,,,,